query	reference	astflow	pytrec_eval	ir_measures
q5001	0.000000	0.000000	0.000000	0.000000
q5002	0.000000	0.000000	0.000000	0.000000
q5007	0.000000	0.000000	0.000000	0.000000
q5011	0.000000	0.000000	0.000000	0.000000
q5012	0.000000	0.000000	0.000000	0.000000
q5013	0.000000	0.000000	0.000000	0.000000
q5014	1.000000	1.000000	1.000000	1.000000
q5016	0.000000	0.000000	0.000000	0.000000
q5018	0.000000	0.000000	0.000000	0.000000
q5019	0.000000	0.000000	0.000000	0.000000
q5021	0.000000	0.000000	0.000000	0.000000
q5024	0.000000	0.000000	0.000000	0.000000
q5026	0.000000	0.000000	0.000000	0.000000
q5028	0.000000	0.000000	0.000000	0.000000
q5031	0.000000	0.000000	0.000000	0.000000
q5032	0.000000	0.000000	0.000000	0.000000
q5033	0.630930	0.630930	0.630930	0.630930
q5036	0.000000	0.000000	0.000000	0.000000
q5038	0.000000	0.000000	0.000000	0.000000
q5039	0.000000	0.000000	0.000000	0.000000
q5040	0.000000	0.000000	0.000000	0.000000
q5042	0.000000	0.000000	0.000000	0.000000
q5045	0.000000	0.000000	0.000000	0.000000
q5047	0.000000	0.000000	0.000000	0.000000
q5048	0.000000	0.000000	0.000000	0.000000
q5052	0.000000	0.000000	0.000000	0.000000
q5053	0.000000	0.000000	0.000000	0.000000
q5055	0.000000	0.000000	0.000000	0.000000
q5059	0.333333	0.333333	0.333333	0.333333
q5066	0.000000	0.000000	0.000000	0.000000
q5067	0.000000	0.000000	0.000000	0.000000
q5068	0.000000	0.000000	0.000000	0.000000
q5069	0.000000	0.000000	0.000000	0.000000
q5072	0.000000	0.000000	0.000000	0.000000
q5074	0.000000	0.000000	0.000000	0.000000
q5075	1.000000	1.000000	1.000000	1.000000
q5080	0.430677	0.430677	0.430677	0.430677
q5081	0.000000	0.000000	0.000000	0.000000
q5082	0.000000	0.000000	0.000000	0.000000
q5086	0.000000	0.000000	0.000000	0.000000
q5087	1.000000	1.000000	1.000000	1.000000
q5090	0.000000	0.000000	0.000000	0.000000
q5091	0.000000	0.000000	0.000000	0.000000
q5092	0.000000	0.000000	0.000000	0.000000
q5094	0.000000	0.000000	0.000000	0.000000
q5095	0.000000	0.000000	0.000000	0.000000
q5096	0.000000	0.000000	0.000000	0.000000
q5097	0.000000	0.000000	0.000000	0.000000
q5100	0.301030	0.301030	0.301030	0.301030
q5103	0.000000	0.000000	0.000000	0.000000
q5104	0.000000	0.000000	0.000000	0.000000
q5105	0.000000	0.000000	0.000000	0.000000
q5111	0.000000	0.000000	0.000000	0.000000
q5114	0.000000	0.000000	0.000000	0.000000
q5115	0.000000	0.000000	0.000000	0.000000
q5116	0.000000	0.000000	0.000000	0.000000
q5119	0.386853	0.386853	0.386853	0.386853
q5120	0.000000	0.000000	0.000000	0.000000
q5123	0.000000	0.000000	0.000000	0.000000
q5125	0.000000	0.000000	0.000000	0.000000
q5126	0.356207	0.356207	0.356207	0.356207
q5127	0.000000	0.000000	0.000000	0.000000
q5128	0.000000	0.000000	0.000000	0.000000
q5129	0.000000	0.000000	0.000000	0.000000
q5130	0.000000	0.000000	0.000000	0.000000
q5132	0.000000	0.000000	0.000000	0.000000
q5133	0.000000	0.000000	0.000000	0.000000
q5135	0.000000	0.000000	0.000000	0.000000
q5136	0.000000	0.000000	0.000000	0.000000
q5141	0.000000	0.000000	0.000000	0.000000
q5142	0.000000	0.000000	0.000000	0.000000
q5143	0.000000	0.000000	0.000000	0.000000
q5144	0.000000	0.000000	0.000000	0.000000
q5145	0.000000	0.000000	0.000000	0.000000
q5146	0.630930	0.630930	0.630930	0.630930
q5147	0.000000	0.000000	0.000000	0.000000
q5148	0.000000	0.000000	0.000000	0.000000
q5149	0.000000	0.000000	0.000000	0.000000
q5150	0.000000	0.000000	0.000000	0.000000
q5151	0.000000	0.000000	0.000000	0.000000
q5152	0.000000	0.000000	0.000000	0.000000
q5154	0.000000	0.000000	0.000000	0.000000
q5155	0.000000	0.000000	0.000000	0.000000
q5156	0.000000	0.000000	0.000000	0.000000
q5157	0.000000	0.000000	0.000000	0.000000
q5159	0.000000	0.000000	0.000000	0.000000
q5160	0.000000	0.000000	0.000000	0.000000
q5161	0.000000	0.000000	0.000000	0.000000
q5164	0.000000	0.000000	0.000000	0.000000
q5165	0.000000	0.000000	0.000000	0.000000
q5167	0.000000	0.000000	0.000000	0.000000
q5168	0.000000	0.000000	0.000000	0.000000
q5169	0.000000	0.000000	0.000000	0.000000
q5170	0.000000	0.000000	0.000000	0.000000
q5171	0.000000	0.000000	0.000000	0.000000
q5172	0.356207	0.356207	0.356207	0.356207
q5173	0.000000	0.000000	0.000000	0.000000
q5177	0.000000	0.000000	0.000000	0.000000
q5179	0.000000	0.000000	0.000000	0.000000
q5180	0.500000	0.500000	0.500000	0.500000
q5181	0.000000	0.000000	0.000000	0.000000
q5182	0.000000	0.000000	0.000000	0.000000
q5183	0.000000	0.000000	0.000000	0.000000
q5184	0.000000	0.000000	0.000000	0.000000
q5185	0.000000	0.000000	0.000000	0.000000
q5186	0.000000	0.000000	0.000000	0.000000
q5187	0.386853	0.386853	0.386853	0.386853
q5191	0.000000	0.000000	0.000000	0.000000
q5194	0.000000	0.000000	0.000000	0.000000
q5195	0.000000	0.000000	0.000000	0.000000
q5196	0.000000	0.000000	0.000000	0.000000
q5197	0.000000	0.000000	0.000000	0.000000
q5199	0.000000	0.000000	0.000000	0.000000
q5200	0.000000	0.000000	0.000000	0.000000
q5202	0.000000	0.000000	0.000000	0.000000
q5206	0.000000	0.000000	0.000000	0.000000
q5207	0.000000	0.000000	0.000000	0.000000
q5208	0.000000	0.000000	0.000000	0.000000
q5210	0.000000	0.000000	0.000000	0.000000
q5211	0.000000	0.000000	0.000000	0.000000
q5214	0.000000	0.000000	0.000000	0.000000
q5215	0.000000	0.000000	0.000000	0.000000
q5216	0.000000	0.000000	0.000000	0.000000
q5219	0.000000	0.000000	0.000000	0.000000
q5220	0.500000	0.500000	0.500000	0.500000
q5222	0.000000	0.000000	0.000000	0.000000
q5225	0.000000	0.000000	0.000000	0.000000
q5227	0.000000	0.000000	0.000000	0.000000
q5230	0.000000	0.000000	0.000000	0.000000
q5233	0.000000	0.000000	0.000000	0.000000
q5234	0.000000	0.000000	0.000000	0.000000
q5237	1.000000	1.000000	1.000000	1.000000
q5238	0.000000	0.000000	0.000000	0.000000
q5240	0.000000	0.000000	0.000000	0.000000
q5243	0.000000	0.000000	0.000000	0.000000
q5244	0.000000	0.000000	0.000000	0.000000
q5245	0.000000	0.000000	0.000000	0.000000
q5248	0.000000	0.000000	0.000000	0.000000
q5255	0.000000	0.000000	0.000000	0.000000
q5258	0.333333	0.333333	0.333333	0.333333
q5259	0.630930	0.630930	0.630930	0.630930
q5260	0.000000	0.000000	0.000000	0.000000
q5262	0.000000	0.000000	0.000000	0.000000
q5263	0.000000	0.000000	0.000000	0.000000
q5267	0.000000	0.000000	0.000000	0.000000
q5269	0.000000	0.000000	0.000000	0.000000
q5270	0.000000	0.000000	0.000000	0.000000
q5271	0.000000	0.000000	0.000000	0.000000
q5273	0.000000	0.000000	0.000000	0.000000
q5274	0.000000	0.000000	0.000000	0.000000
q5275	0.000000	0.000000	0.000000	0.000000
q5278	0.000000	0.000000	0.000000	0.000000
q5282	0.000000	0.000000	0.000000	0.000000
q5283	0.000000	0.000000	0.000000	0.000000
q5290	0.430677	0.430677	0.430677	0.430677
q5292	0.000000	0.000000	0.000000	0.000000
q5293	0.000000	0.000000	0.000000	0.000000
q5294	0.000000	0.000000	0.000000	0.000000
q5297	0.000000	0.000000	0.000000	0.000000
q5299	0.000000	0.000000	0.000000	0.000000
q5302	0.000000	0.000000	0.000000	0.000000
q5303	0.000000	0.000000	0.000000	0.000000
q5306	0.000000	0.000000	0.000000	0.000000
q5308	0.000000	0.000000	0.000000	0.000000
q5311	0.000000	0.000000	0.000000	0.000000
q5312	0.386853	0.386853	0.386853	0.386853
q5314	0.000000	0.000000	0.000000	0.000000
q5318	0.000000	0.000000	0.000000	0.000000
q5322	0.630930	0.630930	0.630930	0.630930
q5323	0.000000	0.000000	0.000000	0.000000
q5324	0.000000	0.000000	0.000000	0.000000
q5326	0.000000	0.000000	0.000000	0.000000
q5328	0.000000	0.000000	0.000000	0.000000
q5329	0.000000	0.000000	0.000000	0.000000
q5330	0.000000	0.000000	0.000000	0.000000
q5332	0.000000	0.000000	0.000000	0.000000
q5336	0.000000	0.000000	0.000000	0.000000
q5338	0.000000	0.000000	0.000000	0.000000
q5340	0.333333	0.333333	0.333333	0.333333
q5342	0.000000	0.000000	0.000000	0.000000
q5346	0.000000	0.000000	0.000000	0.000000
q5348	0.000000	0.000000	0.000000	0.000000
q5352	0.000000	0.000000	0.000000	0.000000
q5355	0.000000	0.000000	0.000000	0.000000
q5357	0.000000	0.000000	0.000000	0.000000
q5358	0.315465	0.315465	0.315465	0.315465
q5359	0.000000	0.000000	0.000000	0.000000
q5360	0.000000	0.000000	0.000000	0.000000
q5364	0.000000	0.000000	0.000000	0.000000
q5365	0.000000	0.000000	0.000000	0.000000
q5367	0.000000	0.000000	0.000000	0.000000
q5371	0.000000	0.000000	0.000000	0.000000
q5379	0.000000	0.000000	0.000000	0.000000
q5380	0.000000	0.000000	0.000000	0.000000
q5381	0.000000	0.000000	0.000000	0.000000
q5382	0.000000	0.000000	0.000000	0.000000
q5383	0.000000	0.000000	0.000000	0.000000
q5384	0.000000	0.000000	0.000000	0.000000
q5385	0.000000	0.000000	0.000000	0.000000
q5386	0.000000	0.000000	0.000000	0.000000
q5387	0.000000	0.000000	0.000000	0.000000
q5388	0.000000	0.000000	0.000000	0.000000
q5389	0.000000	0.000000	0.000000	0.000000
q5390	0.000000	0.000000	0.000000	0.000000
q5391	0.000000	0.000000	0.000000	0.000000
q5395	0.000000	0.000000	0.000000	0.000000
q5397	0.000000	0.000000	0.000000	0.000000
q5398	0.000000	0.000000	0.000000	0.000000
q5400	0.000000	0.000000	0.000000	0.000000
q5401	0.000000	0.000000	0.000000	0.000000
q5402	0.000000	0.000000	0.000000	0.000000
q5403	0.000000	0.000000	0.000000	0.000000
q5407	0.000000	0.000000	0.000000	0.000000
q5413	0.000000	0.000000	0.000000	0.000000
q5414	0.000000	0.000000	0.000000	0.000000
q5416	0.000000	0.000000	0.000000	0.000000
q5417	0.000000	0.000000	0.000000	0.000000
q5419	0.000000	0.000000	0.000000	0.000000
q5423	0.000000	0.000000	0.000000	0.000000
q5424	0.000000	0.000000	0.000000	0.000000
q5426	0.000000	0.000000	0.000000	0.000000
q5427	0.000000	0.000000	0.000000	0.000000
q5428	0.000000	0.000000	0.000000	0.000000
q5430	0.000000	0.000000	0.000000	0.000000
q5433	0.000000	0.000000	0.000000	0.000000
q5434	0.000000	0.000000	0.000000	0.000000
q5435	0.630930	0.630930	0.630930	0.630930
q5438	0.000000	0.000000	0.000000	0.000000
q5439	0.000000	0.000000	0.000000	0.000000
q5443	0.000000	0.000000	0.000000	0.000000
q5444	0.000000	0.000000	0.000000	0.000000
q5445	0.000000	0.000000	0.000000	0.000000
q5446	0.000000	0.000000	0.000000	0.000000
q5448	0.000000	0.000000	0.000000	0.000000
q5449	0.315465	0.315465	0.315465	0.315465
q5450	0.000000	0.000000	0.000000	0.000000
q5452	0.000000	0.000000	0.000000	0.000000
q5455	0.000000	0.000000	0.000000	0.000000
q5457	1.000000	1.000000	1.000000	1.000000
q5462	0.000000	0.000000	0.000000	0.000000
q5463	0.000000	0.000000	0.000000	0.000000
q5464	0.356207	0.356207	0.356207	0.356207
q5467	0.000000	0.000000	0.000000	0.000000
q5471	1.000000	1.000000	1.000000	1.000000
q5472	0.000000	0.000000	0.000000	0.000000
q5473	0.000000	0.000000	0.000000	0.000000
q5476	0.000000	0.000000	0.000000	0.000000
q5478	0.386853	0.386853	0.386853	0.386853
q5479	0.000000	0.000000	0.000000	0.000000
q5480	0.000000	0.000000	0.000000	0.000000
q5482	0.000000	0.000000	0.000000	0.000000
q5484	0.000000	0.000000	0.000000	0.000000
q5487	0.000000	0.000000	0.000000	0.000000
q5488	0.000000	0.000000	0.000000	0.000000
q5489	0.000000	0.000000	0.000000	0.000000
q5492	0.000000	0.000000	0.000000	0.000000
q5496	0.000000	0.000000	0.000000	0.000000
q5497	0.000000	0.000000	0.000000	0.000000
q5499	0.000000	0.000000	0.000000	0.000000
q5500	0.000000	0.000000	0.000000	0.000000
q5503	0.000000	0.000000	0.000000	0.000000
q5506	0.000000	0.000000	0.000000	0.000000
q5508	0.000000	0.000000	0.000000	0.000000
q5509	0.000000	0.000000	0.000000	0.000000
q5510	0.000000	0.000000	0.000000	0.000000
q5511	0.000000	0.000000	0.000000	0.000000
q5513	0.500000	0.500000	0.500000	0.500000
q5514	0.000000	0.000000	0.000000	0.000000
q5516	0.000000	0.000000	0.000000	0.000000
q5517	0.000000	0.000000	0.000000	0.000000
q5518	0.000000	0.000000	0.000000	0.000000
q5521	0.000000	0.000000	0.000000	0.000000
q5522	0.000000	0.000000	0.000000	0.000000
q5523	0.000000	0.000000	0.000000	0.000000
q5525	0.000000	0.000000	0.000000	0.000000
q5528	0.000000	0.000000	0.000000	0.000000
q5530	0.000000	0.000000	0.000000	0.000000
q5531	0.000000	0.000000	0.000000	0.000000
q5532	0.000000	0.000000	0.000000	0.000000
q5533	0.000000	0.000000	0.000000	0.000000
q5535	0.000000	0.000000	0.000000	0.000000
q5536	0.000000	0.000000	0.000000	0.000000
q5538	0.000000	0.000000	0.000000	0.000000
q5539	0.000000	0.000000	0.000000	0.000000
q5543	0.000000	0.000000	0.000000	0.000000
q5548	0.000000	0.000000	0.000000	0.000000
q5549	0.000000	0.000000	0.000000	0.000000
q5552	0.000000	0.000000	0.000000	0.000000
q5557	0.000000	0.000000	0.000000	0.000000
q5558	0.000000	0.000000	0.000000	0.000000
q5559	0.000000	0.000000	0.000000	0.000000
q5560	0.000000	0.000000	0.000000	0.000000
q5562	0.000000	0.000000	0.000000	0.000000
q5563	1.000000	1.000000	1.000000	1.000000
q5569	0.000000	0.000000	0.000000	0.000000
q5571	1.000000	1.000000	1.000000	1.000000
q5572	0.000000	0.000000	0.000000	0.000000
q5573	0.000000	0.000000	0.000000	0.000000
q5577	0.000000	0.000000	0.000000	0.000000
q5578	0.000000	0.000000	0.000000	0.000000
q5581	0.000000	0.000000	0.000000	0.000000
q5582	0.000000	0.000000	0.000000	0.000000
q5583	0.000000	0.000000	0.000000	0.000000
q5584	0.000000	0.000000	0.000000	0.000000
q5585	0.000000	0.000000	0.000000	0.000000
q5586	0.000000	0.000000	0.000000	0.000000
q5587	0.000000	0.000000	0.000000	0.000000
q5589	0.000000	0.000000	0.000000	0.000000
q5590	0.000000	0.000000	0.000000	0.000000
q5591	0.000000	0.000000	0.000000	0.000000
q5592	0.000000	0.000000	0.000000	0.000000
q5596	0.000000	0.000000	0.000000	0.000000
q5598	0.000000	0.000000	0.000000	0.000000
q5599	1.000000	1.000000	1.000000	1.000000
q5600	0.000000	0.000000	0.000000	0.000000
q5601	0.000000	0.000000	0.000000	0.000000
q5604	0.000000	0.000000	0.000000	0.000000
q5608	0.000000	0.000000	0.000000	0.000000
q5609	0.000000	0.000000	0.000000	0.000000
q5610	0.000000	0.000000	0.000000	0.000000
q5611	0.356207	0.356207	0.356207	0.356207
q5614	0.000000	0.000000	0.000000	0.000000
q5618	0.000000	0.000000	0.000000	0.000000
q5620	0.000000	0.000000	0.000000	0.000000
q5622	0.000000	0.000000	0.000000	0.000000
q5624	0.000000	0.000000	0.000000	0.000000
q5626	0.000000	0.000000	0.000000	0.000000
q5627	0.000000	0.000000	0.000000	0.000000
q5630	0.000000	0.000000	0.000000	0.000000
q5631	0.315465	0.315465	0.315465	0.315465
q5634	0.000000	0.000000	0.000000	0.000000
q5635	0.315465	0.315465	0.315465	0.315465
q5636	0.000000	0.000000	0.000000	0.000000
q5638	0.000000	0.000000	0.000000	0.000000
q5639	0.000000	0.000000	0.000000	0.000000
q5640	0.000000	0.000000	0.000000	0.000000
q5641	0.000000	0.000000	0.000000	0.000000
q5644	0.000000	0.000000	0.000000	0.000000
q5645	0.630930	0.630930	0.630930	0.630930
q5646	0.000000	0.000000	0.000000	0.000000
q5647	0.000000	0.000000	0.000000	0.000000
q5648	1.000000	1.000000	1.000000	1.000000
q5651	0.289065	0.289065	0.289065	0.289065
q5652	0.000000	0.000000	0.000000	0.000000
q5655	0.000000	0.000000	0.000000	0.000000
q5656	0.000000	0.000000	0.000000	0.000000
q5657	1.000000	1.000000	1.000000	1.000000
q5659	0.000000	0.000000	0.000000	0.000000
q5663	0.000000	0.000000	0.000000	0.000000
q5667	0.000000	0.000000	0.000000	0.000000
q5668	0.000000	0.000000	0.000000	0.000000
q5670	0.000000	0.000000	0.000000	0.000000
q5673	0.000000	0.000000	0.000000	0.000000
q5674	0.000000	0.000000	0.000000	0.000000
q5677	0.000000	0.000000	0.000000	0.000000
q5679	0.630930	0.630930	0.630930	0.630930
q5681	0.000000	0.000000	0.000000	0.000000
q5684	0.000000	0.000000	0.000000	0.000000
q5688	0.000000	0.000000	0.000000	0.000000
q5689	0.000000	0.000000	0.000000	0.000000
q5693	0.000000	0.000000	0.000000	0.000000
q5694	0.000000	0.000000	0.000000	0.000000
q5696	0.000000	0.000000	0.000000	0.000000
q5697	0.000000	0.000000	0.000000	0.000000
q5698	0.000000	0.000000	0.000000	0.000000
q5699	0.000000	0.000000	0.000000	0.000000
q5700	0.000000	0.000000	0.000000	0.000000
q5701	0.000000	0.000000	0.000000	0.000000
q5706	0.000000	0.000000	0.000000	0.000000
q5712	0.000000	0.000000	0.000000	0.000000
q5713	0.000000	0.000000	0.000000	0.000000
q5714	0.000000	0.000000	0.000000	0.000000
q5715	0.000000	0.000000	0.000000	0.000000
q5716	0.000000	0.000000	0.000000	0.000000
q5717	0.000000	0.000000	0.000000	0.000000
q5721	0.000000	0.000000	0.000000	0.000000
q5724	0.000000	0.000000	0.000000	0.000000
q5726	0.630930	0.630930	0.630930	0.630930
q5730	0.000000	0.000000	0.000000	0.000000
q5731	0.000000	0.000000	0.000000	0.000000
q5733	0.000000	0.000000	0.000000	0.000000
q5734	0.000000	0.000000	0.000000	0.000000
q5735	0.000000	0.000000	0.000000	0.000000
q5738	0.000000	0.000000	0.000000	0.000000
q5739	0.000000	0.000000	0.000000	0.000000
q5740	0.000000	0.000000	0.000000	0.000000
q5741	0.000000	0.000000	0.000000	0.000000
q5742	0.000000	0.000000	0.000000	0.000000
q5744	0.000000	0.000000	0.000000	0.000000
q5746	0.000000	0.000000	0.000000	0.000000
q5748	1.000000	1.000000	1.000000	1.000000
q5749	0.000000	0.000000	0.000000	0.000000
q5752	0.500000	0.500000	0.500000	0.500000
q5753	0.000000	0.000000	0.000000	0.000000
q5755	0.000000	0.000000	0.000000	0.000000
q5756	0.000000	0.000000	0.000000	0.000000
q5757	0.000000	0.000000	0.000000	0.000000
q5758	0.000000	0.000000	0.000000	0.000000
q5760	1.000000	1.000000	1.000000	1.000000
q5764	0.000000	0.000000	0.000000	0.000000
q5765	0.000000	0.000000	0.000000	0.000000
q5766	0.315465	0.315465	0.315465	0.315465
q5768	0.000000	0.000000	0.000000	0.000000
q5771	0.000000	0.000000	0.000000	0.000000
q5772	0.430677	0.430677	0.430677	0.430677
q5773	0.000000	0.000000	0.000000	0.000000
q5775	0.000000	0.000000	0.000000	0.000000
q5776	0.000000	0.000000	0.000000	0.000000
q5777	0.000000	0.000000	0.000000	0.000000
q5778	0.000000	0.000000	0.000000	0.000000
q5779	0.000000	0.000000	0.000000	0.000000
q5780	0.000000	0.000000	0.000000	0.000000
q5781	0.000000	0.000000	0.000000	0.000000
q5782	0.000000	0.000000	0.000000	0.000000
q5783	0.000000	0.000000	0.000000	0.000000
q5784	0.000000	0.000000	0.000000	0.000000
q5786	0.000000	0.000000	0.000000	0.000000
q5791	0.000000	0.000000	0.000000	0.000000
q5795	0.000000	0.000000	0.000000	0.000000
q5796	0.000000	0.000000	0.000000	0.000000
q5797	0.000000	0.000000	0.000000	0.000000
q5800	0.000000	0.000000	0.000000	0.000000
q5801	0.356207	0.356207	0.356207	0.356207
q5802	0.000000	0.000000	0.000000	0.000000
q5808	0.000000	0.000000	0.000000	0.000000
q5812	0.000000	0.000000	0.000000	0.000000
q5818	0.000000	0.000000	0.000000	0.000000
q5821	0.000000	0.000000	0.000000	0.000000
q5823	0.000000	0.000000	0.000000	0.000000
q5827	0.000000	0.000000	0.000000	0.000000
q5828	0.000000	0.000000	0.000000	0.000000
q5830	0.000000	0.000000	0.000000	0.000000
q5831	0.000000	0.000000	0.000000	0.000000
q5832	0.000000	0.000000	0.000000	0.000000
q5833	0.000000	0.000000	0.000000	0.000000
q5835	0.000000	0.000000	0.000000	0.000000
q5838	0.000000	0.000000	0.000000	0.000000
q5839	0.000000	0.000000	0.000000	0.000000
q5840	0.000000	0.000000	0.000000	0.000000
q5841	0.000000	0.000000	0.000000	0.000000
q5842	0.000000	0.000000	0.000000	0.000000
q5846	0.630930	0.630930	0.630930	0.630930
q5847	0.000000	0.000000	0.000000	0.000000
q5848	0.000000	0.000000	0.000000	0.000000
q5849	0.000000	0.000000	0.000000	0.000000
q5850	0.000000	0.000000	0.000000	0.000000
q5851	0.000000	0.000000	0.000000	0.000000
q5856	0.000000	0.000000	0.000000	0.000000
q5858	0.000000	0.000000	0.000000	0.000000
q5859	0.000000	0.000000	0.000000	0.000000
q5860	0.000000	0.000000	0.000000	0.000000
q5861	0.000000	0.000000	0.000000	0.000000
q5863	0.000000	0.000000	0.000000	0.000000
q5864	0.000000	0.000000	0.000000	0.000000
q5866	0.000000	0.000000	0.000000	0.000000
q5867	0.000000	0.000000	0.000000	0.000000
q5870	0.000000	0.000000	0.000000	0.000000
q5871	0.000000	0.000000	0.000000	0.000000
q5872	0.000000	0.000000	0.000000	0.000000
q5873	0.000000	0.000000	0.000000	0.000000
q5875	0.000000	0.000000	0.000000	0.000000
q5877	0.000000	0.000000	0.000000	0.000000
q5879	0.000000	0.000000	0.000000	0.000000
q5881	0.000000	0.000000	0.000000	0.000000
q5885	0.000000	0.000000	0.000000	0.000000
q5887	0.000000	0.000000	0.000000	0.000000
q5890	0.000000	0.000000	0.000000	0.000000
q5892	0.000000	0.000000	0.000000	0.000000
q5894	0.000000	0.000000	0.000000	0.000000
q5897	0.000000	0.000000	0.000000	0.000000
q5900	0.000000	0.000000	0.000000	0.000000
q5903	0.000000	0.000000	0.000000	0.000000
q5905	0.000000	0.000000	0.000000	0.000000
q5906	0.000000	0.000000	0.000000	0.000000
q5909	0.000000	0.000000	0.000000	0.000000
q5911	0.000000	0.000000	0.000000	0.000000
q5912	1.000000	1.000000	1.000000	1.000000
q5913	0.000000	0.000000	0.000000	0.000000
q5914	0.000000	0.000000	0.000000	0.000000
q5915	0.000000	0.000000	0.000000	0.000000
q5916	1.000000	1.000000	1.000000	1.000000
q5917	0.000000	0.000000	0.000000	0.000000
q5920	0.000000	0.000000	0.000000	0.000000
q5921	0.000000	0.000000	0.000000	0.000000
q5922	1.000000	1.000000	1.000000	1.000000
q5924	0.000000	0.000000	0.000000	0.000000
q5925	0.000000	0.000000	0.000000	0.000000
q5928	0.000000	0.000000	0.000000	0.000000
q5929	0.000000	0.000000	0.000000	0.000000
q5933	0.000000	0.000000	0.000000	0.000000
q5934	0.000000	0.000000	0.000000	0.000000
q5935	0.000000	0.000000	0.000000	0.000000
q5936	0.000000	0.000000	0.000000	0.000000
q5937	0.289065	0.289065	0.289065	0.289065
q5939	0.000000	0.000000	0.000000	0.000000
q5940	0.630930	0.630930	0.630930	0.630930
q5942	0.430677	0.430677	0.430677	0.430677
q5943	0.000000	0.000000	0.000000	0.000000
q5944	0.000000	0.000000	0.000000	0.000000
q5948	0.000000	0.000000	0.000000	0.000000
q5949	0.500000	0.500000	0.500000	0.500000
q5950	0.000000	0.000000	0.000000	0.000000
q5951	0.000000	0.000000	0.000000	0.000000
q5953	0.000000	0.000000	0.000000	0.000000
q5955	0.000000	0.000000	0.000000	0.000000
q5956	0.000000	0.000000	0.000000	0.000000
q5961	0.000000	0.000000	0.000000	0.000000
q5963	0.000000	0.000000	0.000000	0.000000
q5964	0.000000	0.000000	0.000000	0.000000
q5965	0.630930	0.630930	0.630930	0.630930
q5966	0.000000	0.000000	0.000000	0.000000
q5969	0.356207	0.356207	0.356207	0.356207
q5971	0.000000	0.000000	0.000000	0.000000
q5972	0.000000	0.000000	0.000000	0.000000
q5973	0.000000	0.000000	0.000000	0.000000
q5974	0.000000	0.000000	0.000000	0.000000
q5975	0.000000	0.000000	0.000000	0.000000
q5976	0.000000	0.000000	0.000000	0.000000
q5978	0.000000	0.000000	0.000000	0.000000
q5981	0.000000	0.000000	0.000000	0.000000
q5982	0.000000	0.000000	0.000000	0.000000
q5983	0.000000	0.000000	0.000000	0.000000
q5984	0.000000	0.000000	0.000000	0.000000
q5986	0.000000	0.000000	0.000000	0.000000
q5988	0.000000	0.000000	0.000000	0.000000
q5989	0.000000	0.000000	0.000000	0.000000
q5990	0.000000	0.000000	0.000000	0.000000
q5993	0.000000	0.000000	0.000000	0.000000
q5995	1.000000	1.000000	1.000000	1.000000
q5996	0.000000	0.000000	0.000000	0.000000
q5997	0.430677	0.430677	0.430677	0.430677
q5998	0.000000	0.000000	0.000000	0.000000
q5999	0.000000	0.000000	0.000000	0.000000
q6002	0.000000	0.000000	0.000000	0.000000
q6003	0.000000	0.000000	0.000000	0.000000
q6007	0.000000	0.000000	0.000000	0.000000
q6008	0.000000	0.000000	0.000000	0.000000
q6009	0.301030	0.301030	0.301030	0.301030
q6010	0.000000	0.000000	0.000000	0.000000
q6012	0.000000	0.000000	0.000000	0.000000
q6013	0.000000	0.000000	0.000000	0.000000
q6014	0.000000	0.000000	0.000000	0.000000
q6015	0.000000	0.000000	0.000000	0.000000
q6016	0.000000	0.000000	0.000000	0.000000
q6020	0.000000	0.000000	0.000000	0.000000
q6021	0.000000	0.000000	0.000000	0.000000
q6022	0.000000	0.000000	0.000000	0.000000
q6023	0.000000	0.000000	0.000000	0.000000
q6024	0.000000	0.000000	0.000000	0.000000
q6028	0.000000	0.000000	0.000000	0.000000
q6029	0.000000	0.000000	0.000000	0.000000
q6031	0.430677	0.430677	0.430677	0.430677
q6033	0.000000	0.000000	0.000000	0.000000
q6034	0.000000	0.000000	0.000000	0.000000
q6035	0.000000	0.000000	0.000000	0.000000
q6038	0.000000	0.000000	0.000000	0.000000
q6042	0.630930	0.630930	0.630930	0.630930
q6043	0.000000	0.000000	0.000000	0.000000
q6047	0.000000	0.000000	0.000000	0.000000
q6049	0.000000	0.000000	0.000000	0.000000
q6050	0.000000	0.000000	0.000000	0.000000
q6052	0.000000	0.000000	0.000000	0.000000
q6054	0.000000	0.000000	0.000000	0.000000
q6059	0.000000	0.000000	0.000000	0.000000
q6060	0.000000	0.000000	0.000000	0.000000
q6061	0.000000	0.000000	0.000000	0.000000
q6064	0.430677	0.430677	0.430677	0.430677
q6067	0.000000	0.000000	0.000000	0.000000
q6068	0.000000	0.000000	0.000000	0.000000
q6071	0.000000	0.000000	0.000000	0.000000
q6073	0.000000	0.000000	0.000000	0.000000
q6076	0.000000	0.000000	0.000000	0.000000
q6081	0.000000	0.000000	0.000000	0.000000
q6085	0.000000	0.000000	0.000000	0.000000
q6086	0.000000	0.000000	0.000000	0.000000
q6087	0.000000	0.000000	0.000000	0.000000
q6091	0.000000	0.000000	0.000000	0.000000
q6092	0.000000	0.000000	0.000000	0.000000
q6093	0.000000	0.000000	0.000000	0.000000
q6094	0.000000	0.000000	0.000000	0.000000
q6096	0.000000	0.000000	0.000000	0.000000
q6098	0.000000	0.000000	0.000000	0.000000
q6102	0.000000	0.000000	0.000000	0.000000
q6104	0.000000	0.000000	0.000000	0.000000
q6109	0.000000	0.000000	0.000000	0.000000
q6112	1.000000	1.000000	1.000000	1.000000
q6115	0.430677	0.430677	0.430677	0.430677
q6119	0.356207	0.356207	0.356207	0.356207
q6120	0.000000	0.000000	0.000000	0.000000
q6121	0.000000	0.000000	0.000000	0.000000
q6123	0.000000	0.000000	0.000000	0.000000
q6124	0.000000	0.000000	0.000000	0.000000
q6125	0.000000	0.000000	0.000000	0.000000
q6126	0.000000	0.000000	0.000000	0.000000
q6127	0.000000	0.000000	0.000000	0.000000
q6129	0.386853	0.386853	0.386853	0.386853
q6131	0.000000	0.000000	0.000000	0.000000
q6133	1.000000	1.000000	1.000000	1.000000
q6135	0.000000	0.000000	0.000000	0.000000
q6137	0.000000	0.000000	0.000000	0.000000
q6139	0.000000	0.000000	0.000000	0.000000
q6142	0.000000	0.000000	0.000000	0.000000
q6146	0.000000	0.000000	0.000000	0.000000
q6148	0.000000	0.000000	0.000000	0.000000
q6149	0.000000	0.000000	0.000000	0.000000
q6151	0.500000	0.500000	0.500000	0.500000
q6155	0.000000	0.000000	0.000000	0.000000
q6156	0.000000	0.000000	0.000000	0.000000
q6160	0.000000	0.000000	0.000000	0.000000
q6163	0.630930	0.630930	0.630930	0.630930
q6165	0.000000	0.000000	0.000000	0.000000
q6167	0.000000	0.000000	0.000000	0.000000
q6169	0.000000	0.000000	0.000000	0.000000
q6171	0.000000	0.000000	0.000000	0.000000
q6173	0.000000	0.000000	0.000000	0.000000
q6174	0.000000	0.000000	0.000000	0.000000
q6175	0.000000	0.000000	0.000000	0.000000
q6178	1.000000	1.000000	1.000000	1.000000
q6180	0.000000	0.000000	0.000000	0.000000
q6181	0.000000	0.000000	0.000000	0.000000
q6184	0.000000	0.000000	0.000000	0.000000
q6186	0.000000	0.000000	0.000000	0.000000
q6188	0.000000	0.000000	0.000000	0.000000
q6189	0.000000	0.000000	0.000000	0.000000
q6190	0.000000	0.000000	0.000000	0.000000
q6191	0.000000	0.000000	0.000000	0.000000
q6192	1.000000	1.000000	1.000000	1.000000
q6194	0.000000	0.000000	0.000000	0.000000
q6195	0.000000	0.000000	0.000000	0.000000
q6196	0.000000	0.000000	0.000000	0.000000
q6198	0.000000	0.000000	0.000000	0.000000
q6199	0.000000	0.000000	0.000000	0.000000
q6200	0.000000	0.000000	0.000000	0.000000
q6207	0.000000	0.000000	0.000000	0.000000
q6210	0.000000	0.000000	0.000000	0.000000
q6211	0.000000	0.000000	0.000000	0.000000
q6212	0.000000	0.000000	0.000000	0.000000
q6213	0.386853	0.386853	0.386853	0.386853
q6214	0.000000	0.000000	0.000000	0.000000
q6215	0.000000	0.000000	0.000000	0.000000
q6216	0.000000	0.000000	0.000000	0.000000
q6217	0.000000	0.000000	0.000000	0.000000
q6218	0.000000	0.000000	0.000000	0.000000
q6220	0.000000	0.000000	0.000000	0.000000
q6221	0.000000	0.000000	0.000000	0.000000
q6224	0.000000	0.000000	0.000000	0.000000
q6225	0.000000	0.000000	0.000000	0.000000
q6229	0.000000	0.000000	0.000000	0.000000
q6231	0.000000	0.000000	0.000000	0.000000
q6232	0.000000	0.000000	0.000000	0.000000
q6235	0.000000	0.000000	0.000000	0.000000
q6237	1.000000	1.000000	1.000000	1.000000
q6238	0.000000	0.000000	0.000000	0.000000
q6239	0.000000	0.000000	0.000000	0.000000
q6240	0.000000	0.000000	0.000000	0.000000
q6241	0.000000	0.000000	0.000000	0.000000
q6243	0.000000	0.000000	0.000000	0.000000
q6245	0.000000	0.000000	0.000000	0.000000
q6246	0.000000	0.000000	0.000000	0.000000
q6252	0.000000	0.000000	0.000000	0.000000
q6253	0.000000	0.000000	0.000000	0.000000
q6255	0.386853	0.386853	0.386853	0.386853
q6257	0.000000	0.000000	0.000000	0.000000
q6258	0.000000	0.000000	0.000000	0.000000
q6259	0.000000	0.000000	0.000000	0.000000
q6260	0.000000	0.000000	0.000000	0.000000
q6262	0.000000	0.000000	0.000000	0.000000
q6263	0.000000	0.000000	0.000000	0.000000
q6265	0.000000	0.000000	0.000000	0.000000
q6266	0.000000	0.000000	0.000000	0.000000
q6267	0.000000	0.000000	0.000000	0.000000
q6268	0.000000	0.000000	0.000000	0.000000
q6269	0.356207	0.356207	0.356207	0.356207
q6270	0.000000	0.000000	0.000000	0.000000
q6272	0.000000	0.000000	0.000000	0.000000
q6273	0.000000	0.000000	0.000000	0.000000
q6275	0.000000	0.000000	0.000000	0.000000
q6278	0.000000	0.000000	0.000000	0.000000
q6281	0.000000	0.000000	0.000000	0.000000
q6282	0.000000	0.000000	0.000000	0.000000
q6283	0.000000	0.000000	0.000000	0.000000
q6284	0.000000	0.000000	0.000000	0.000000
q6285	0.000000	0.000000	0.000000	0.000000
q6286	0.000000	0.000000	0.000000	0.000000
q6288	0.000000	0.000000	0.000000	0.000000
q6289	0.000000	0.000000	0.000000	0.000000
q6290	0.000000	0.000000	0.000000	0.000000
q6292	0.000000	0.000000	0.000000	0.000000
q6294	0.000000	0.000000	0.000000	0.000000
q6295	0.000000	0.000000	0.000000	0.000000
q6298	0.000000	0.000000	0.000000	0.000000
q6303	0.000000	0.000000	0.000000	0.000000
q6308	0.000000	0.000000	0.000000	0.000000
q6310	0.000000	0.000000	0.000000	0.000000
q6315	0.000000	0.000000	0.000000	0.000000
q6316	1.000000	1.000000	1.000000	1.000000
q6317	0.000000	0.000000	0.000000	0.000000
q6319	0.000000	0.000000	0.000000	0.000000
q6321	0.000000	0.000000	0.000000	0.000000
q6323	0.000000	0.000000	0.000000	0.000000
q6325	0.000000	0.000000	0.000000	0.000000
q6326	0.000000	0.000000	0.000000	0.000000
q6329	0.000000	0.000000	0.000000	0.000000
q6333	0.000000	0.000000	0.000000	0.000000
q6334	0.000000	0.000000	0.000000	0.000000
q6335	0.000000	0.000000	0.000000	0.000000
q6336	0.000000	0.000000	0.000000	0.000000
q6337	0.000000	0.000000	0.000000	0.000000
q6338	0.000000	0.000000	0.000000	0.000000
q6339	0.000000	0.000000	0.000000	0.000000
q6340	0.000000	0.000000	0.000000	0.000000
q6342	0.000000	0.000000	0.000000	0.000000
q6345	0.000000	0.000000	0.000000	0.000000
q6347	0.000000	0.000000	0.000000	0.000000
q6349	0.000000	0.000000	0.000000	0.000000
q6351	0.000000	0.000000	0.000000	0.000000
q6352	0.000000	0.000000	0.000000	0.000000
q6356	0.000000	0.000000	0.000000	0.000000
q6357	0.000000	0.000000	0.000000	0.000000
q6359	0.000000	0.000000	0.000000	0.000000
q6360	0.000000	0.000000	0.000000	0.000000
q6361	1.000000	1.000000	1.000000	1.000000
q6364	0.000000	0.000000	0.000000	0.000000
q6365	0.000000	0.000000	0.000000	0.000000
q6367	0.000000	0.000000	0.000000	0.000000
q6375	0.000000	0.000000	0.000000	0.000000
q6376	0.000000	0.000000	0.000000	0.000000
q6377	0.000000	0.000000	0.000000	0.000000
q6378	0.000000	0.000000	0.000000	0.000000
q6382	0.000000	0.000000	0.000000	0.000000
q6383	0.000000	0.000000	0.000000	0.000000
q6388	0.000000	0.000000	0.000000	0.000000
q6391	0.000000	0.000000	0.000000	0.000000
q6393	0.000000	0.000000	0.000000	0.000000
q6395	0.000000	0.000000	0.000000	0.000000
q6397	0.000000	0.000000	0.000000	0.000000
q6400	0.000000	0.000000	0.000000	0.000000
q6401	0.000000	0.000000	0.000000	0.000000
q6403	0.000000	0.000000	0.000000	0.000000
q6404	0.000000	0.000000	0.000000	0.000000
q6409	1.000000	1.000000	1.000000	1.000000
q6411	0.000000	0.000000	0.000000	0.000000
q6416	0.000000	0.000000	0.000000	0.000000
q6417	0.000000	0.000000	0.000000	0.000000
q6419	0.000000	0.000000	0.000000	0.000000
q6421	0.000000	0.000000	0.000000	0.000000
q6423	0.000000	0.000000	0.000000	0.000000
q6426	0.000000	0.000000	0.000000	0.000000
q6429	0.000000	0.000000	0.000000	0.000000
q6430	0.000000	0.000000	0.000000	0.000000
q6431	0.000000	0.000000	0.000000	0.000000
q6432	0.000000	0.000000	0.000000	0.000000
q6433	0.000000	0.000000	0.000000	0.000000
q6434	0.000000	0.000000	0.000000	0.000000
q6436	0.000000	0.000000	0.000000	0.000000
q6437	0.000000	0.000000	0.000000	0.000000
q6438	0.000000	0.000000	0.000000	0.000000
q6440	0.000000	0.000000	0.000000	0.000000
q6442	0.000000	0.000000	0.000000	0.000000
q6444	0.500000	0.500000	0.500000	0.500000
q6447	0.000000	0.000000	0.000000	0.000000
q6454	0.000000	0.000000	0.000000	0.000000
q6455	0.000000	0.000000	0.000000	0.000000
q6457	0.000000	0.000000	0.000000	0.000000
q6458	0.000000	0.000000	0.000000	0.000000
q6461	0.000000	0.000000	0.000000	0.000000
q6464	0.000000	0.000000	0.000000	0.000000
q6466	0.000000	0.000000	0.000000	0.000000
q6468	0.000000	0.000000	0.000000	0.000000
q6469	0.386853	0.386853	0.386853	0.386853
q6470	0.000000	0.000000	0.000000	0.000000
q6474	0.000000	0.000000	0.000000	0.000000
q6478	0.000000	0.000000	0.000000	0.000000
q6479	0.000000	0.000000	0.000000	0.000000
q6481	0.000000	0.000000	0.000000	0.000000
q6482	0.000000	0.000000	0.000000	0.000000
q6483	1.000000	1.000000	1.000000	1.000000
q6487	0.000000	0.000000	0.000000	0.000000
q6488	0.000000	0.000000	0.000000	0.000000
q6490	1.000000	1.000000	1.000000	1.000000
q6491	0.000000	0.000000	0.000000	0.000000
q6493	0.000000	0.000000	0.000000	0.000000
q6495	0.000000	0.000000	0.000000	0.000000
q6496	0.000000	0.000000	0.000000	0.000000
q6497	1.000000	1.000000	1.000000	1.000000
q6499	1.000000	1.000000	1.000000	1.000000
q6500	1.000000	1.000000	1.000000	1.000000
q6503	0.000000	0.000000	0.000000	0.000000
q6505	0.000000	0.000000	0.000000	0.000000
q6507	0.000000	0.000000	0.000000	0.000000
q6508	0.500000	0.500000	0.500000	0.500000
q6509	0.000000	0.000000	0.000000	0.000000
q6511	0.000000	0.000000	0.000000	0.000000
q6512	0.000000	0.000000	0.000000	0.000000
q6513	0.000000	0.000000	0.000000	0.000000
q6514	0.000000	0.000000	0.000000	0.000000
q6515	0.000000	0.000000	0.000000	0.000000
q6516	0.000000	0.000000	0.000000	0.000000
q6522	0.000000	0.000000	0.000000	0.000000
q6523	0.000000	0.000000	0.000000	0.000000
q6527	0.000000	0.000000	0.000000	0.000000
q6529	0.000000	0.000000	0.000000	0.000000
q6530	1.000000	1.000000	1.000000	1.000000
q6533	0.000000	0.000000	0.000000	0.000000
q6535	0.000000	0.000000	0.000000	0.000000
q6536	0.000000	0.000000	0.000000	0.000000
q6538	0.000000	0.000000	0.000000	0.000000
q6541	1.000000	1.000000	1.000000	1.000000
q6544	0.000000	0.000000	0.000000	0.000000
q6545	0.000000	0.000000	0.000000	0.000000
q6546	0.000000	0.000000	0.000000	0.000000
q6548	1.000000	1.000000	1.000000	1.000000
q6549	0.000000	0.000000	0.000000	0.000000
q6552	0.000000	0.000000	0.000000	0.000000
q6555	1.000000	1.000000	1.000000	1.000000
q6556	0.000000	0.000000	0.000000	0.000000
q6557	0.000000	0.000000	0.000000	0.000000
q6558	0.000000	0.000000	0.000000	0.000000
q6560	0.000000	0.000000	0.000000	0.000000
q6561	0.000000	0.000000	0.000000	0.000000
q6566	0.000000	0.000000	0.000000	0.000000
q6570	0.000000	0.000000	0.000000	0.000000
q6571	0.000000	0.000000	0.000000	0.000000
q6574	0.500000	0.500000	0.500000	0.500000
q6576	1.000000	1.000000	1.000000	1.000000
q6577	0.000000	0.000000	0.000000	0.000000
q6578	1.000000	1.000000	1.000000	1.000000
q6579	0.000000	0.000000	0.000000	0.000000
q6581	0.000000	0.000000	0.000000	0.000000
q6582	0.000000	0.000000	0.000000	0.000000
q6585	0.000000	0.000000	0.000000	0.000000
q6586	0.000000	0.000000	0.000000	0.000000
q6589	0.000000	0.000000	0.000000	0.000000
q6590	0.000000	0.000000	0.000000	0.000000
q6592	0.000000	0.000000	0.000000	0.000000
q6593	1.000000	1.000000	1.000000	1.000000
q6594	0.000000	0.000000	0.000000	0.000000
q6596	1.000000	1.000000	1.000000	1.000000
q6597	0.000000	0.000000	0.000000	0.000000
q6599	0.000000	0.000000	0.000000	0.000000
q6600	0.000000	0.000000	0.000000	0.000000
q6601	0.000000	0.000000	0.000000	0.000000
q6603	0.000000	0.000000	0.000000	0.000000
q6604	0.000000	0.000000	0.000000	0.000000
q6608	0.000000	0.000000	0.000000	0.000000
q6610	0.000000	0.000000	0.000000	0.000000
q6612	0.000000	0.000000	0.000000	0.000000
q6616	0.000000	0.000000	0.000000	0.000000
q6617	0.000000	0.000000	0.000000	0.000000
q6622	0.356207	0.356207	0.356207	0.356207
q6623	0.000000	0.000000	0.000000	0.000000
q6628	0.000000	0.000000	0.000000	0.000000
q6631	0.630930	0.630930	0.630930	0.630930
q6632	1.000000	1.000000	1.000000	1.000000
q6635	0.000000	0.000000	0.000000	0.000000
q6636	0.000000	0.000000	0.000000	0.000000
q6637	0.000000	0.000000	0.000000	0.000000
q6638	0.430677	0.430677	0.430677	0.430677
q6639	0.000000	0.000000	0.000000	0.000000
q6643	0.000000	0.000000	0.000000	0.000000
q6649	0.000000	0.000000	0.000000	0.000000
q6650	0.630930	0.630930	0.630930	0.630930
q6656	0.000000	0.000000	0.000000	0.000000
q6657	0.000000	0.000000	0.000000	0.000000
q6660	0.000000	0.000000	0.000000	0.000000
q6662	0.000000	0.000000	0.000000	0.000000
q6665	1.000000	1.000000	1.000000	1.000000
q6666	0.000000	0.000000	0.000000	0.000000
q6667	0.000000	0.000000	0.000000	0.000000
q6670	1.000000	1.000000	1.000000	1.000000
q6672	0.000000	0.000000	0.000000	0.000000
q6673	0.000000	0.000000	0.000000	0.000000
q6674	0.000000	0.000000	0.000000	0.000000
q6675	0.000000	0.000000	0.000000	0.000000
q6676	0.430677	0.430677	0.430677	0.430677
q6677	0.000000	0.000000	0.000000	0.000000
q6680	0.000000	0.000000	0.000000	0.000000
q6681	0.301030	0.301030	0.301030	0.301030
q6682	0.000000	0.000000	0.000000	0.000000
q6683	0.000000	0.000000	0.000000	0.000000
q6684	0.000000	0.000000	0.000000	0.000000
q6685	0.000000	0.000000	0.000000	0.000000
q6686	0.000000	0.000000	0.000000	0.000000
q6687	0.386853	0.386853	0.386853	0.386853
q6689	0.000000	0.000000	0.000000	0.000000
q6690	0.000000	0.000000	0.000000	0.000000
q6695	0.630930	0.630930	0.630930	0.630930
q6697	0.000000	0.000000	0.000000	0.000000
q6698	1.000000	1.000000	1.000000	1.000000
q6702	0.000000	0.000000	0.000000	0.000000
q6703	0.000000	0.000000	0.000000	0.000000
q6704	0.000000	0.000000	0.000000	0.000000
q6705	0.000000	0.000000	0.000000	0.000000
q6706	0.000000	0.000000	0.000000	0.000000
q6707	0.000000	0.000000	0.000000	0.000000
q6710	0.356207	0.356207	0.356207	0.356207
q6711	0.000000	0.000000	0.000000	0.000000
q6712	0.000000	0.000000	0.000000	0.000000
q6713	0.000000	0.000000	0.000000	0.000000
q6714	0.000000	0.000000	0.000000	0.000000
q6715	0.000000	0.000000	0.000000	0.000000
q6719	0.000000	0.000000	0.000000	0.000000
q6720	0.630930	0.630930	0.630930	0.630930
q6721	0.000000	0.000000	0.000000	0.000000
q6724	0.000000	0.000000	0.000000	0.000000
q6726	0.000000	0.000000	0.000000	0.000000
q6728	0.000000	0.000000	0.000000	0.000000
q6730	0.000000	0.000000	0.000000	0.000000
q6731	0.000000	0.000000	0.000000	0.000000
q6735	0.000000	0.000000	0.000000	0.000000
q6737	0.000000	0.000000	0.000000	0.000000
q6742	0.000000	0.000000	0.000000	0.000000
q6745	0.000000	0.000000	0.000000	0.000000
q6746	0.000000	0.000000	0.000000	0.000000
q6748	0.000000	0.000000	0.000000	0.000000
q6750	0.630930	0.630930	0.630930	0.630930
q6755	0.000000	0.000000	0.000000	0.000000
q6756	0.000000	0.000000	0.000000	0.000000
q6757	0.356207	0.356207	0.356207	0.356207
q6763	0.000000	0.000000	0.000000	0.000000
q6764	0.000000	0.000000	0.000000	0.000000
q6766	0.000000	0.000000	0.000000	0.000000
q6768	0.000000	0.000000	0.000000	0.000000
q6770	0.000000	0.000000	0.000000	0.000000
q6773	0.000000	0.000000	0.000000	0.000000
q6775	0.000000	0.000000	0.000000	0.000000
q6776	0.000000	0.000000	0.000000	0.000000
q6779	0.000000	0.000000	0.000000	0.000000
q6781	0.000000	0.000000	0.000000	0.000000
q6784	0.000000	0.000000	0.000000	0.000000
q6785	0.000000	0.000000	0.000000	0.000000
q6786	0.000000	0.000000	0.000000	0.000000
q6788	0.000000	0.000000	0.000000	0.000000
q6793	1.000000	1.000000	1.000000	1.000000
q6794	0.000000	0.000000	0.000000	0.000000
q6795	0.000000	0.000000	0.000000	0.000000
q6796	0.000000	0.000000	0.000000	0.000000
q6797	0.000000	0.000000	0.000000	0.000000
q6799	0.000000	0.000000	0.000000	0.000000
q6801	0.000000	0.000000	0.000000	0.000000
q6804	0.000000	0.000000	0.000000	0.000000
q6807	0.000000	0.000000	0.000000	0.000000
q6808	0.000000	0.000000	0.000000	0.000000
q6809	0.000000	0.000000	0.000000	0.000000
q6810	0.000000	0.000000	0.000000	0.000000
q6811	0.000000	0.000000	0.000000	0.000000
q6813	0.000000	0.000000	0.000000	0.000000
q6814	1.000000	1.000000	1.000000	1.000000
q6818	0.000000	0.000000	0.000000	0.000000
q6821	0.000000	0.000000	0.000000	0.000000
q6822	0.000000	0.000000	0.000000	0.000000
q6824	0.000000	0.000000	0.000000	0.000000
q6827	0.000000	0.000000	0.000000	0.000000
q6832	0.000000	0.000000	0.000000	0.000000
q6833	0.000000	0.000000	0.000000	0.000000
q6837	0.000000	0.000000	0.000000	0.000000
q6838	0.000000	0.000000	0.000000	0.000000
q6841	0.000000	0.000000	0.000000	0.000000
q6842	0.000000	0.000000	0.000000	0.000000
q6845	0.000000	0.000000	0.000000	0.000000
q6847	0.000000	0.000000	0.000000	0.000000
q6850	0.315465	0.315465	0.315465	0.315465
q6851	0.000000	0.000000	0.000000	0.000000
q6853	0.000000	0.000000	0.000000	0.000000
q6854	0.000000	0.000000	0.000000	0.000000
q6855	0.000000	0.000000	0.000000	0.000000
q6857	0.000000	0.000000	0.000000	0.000000
q6858	0.000000	0.000000	0.000000	0.000000
q6861	0.000000	0.000000	0.000000	0.000000
q6862	0.630930	0.630930	0.630930	0.630930
q6865	0.000000	0.000000	0.000000	0.000000
q6868	0.000000	0.000000	0.000000	0.000000
q6870	0.000000	0.000000	0.000000	0.000000
q6874	0.000000	0.000000	0.000000	0.000000
q6877	0.000000	0.000000	0.000000	0.000000
q6878	0.000000	0.000000	0.000000	0.000000
q6880	0.000000	0.000000	0.000000	0.000000
q6881	0.000000	0.000000	0.000000	0.000000
q6882	0.000000	0.000000	0.000000	0.000000
q6883	0.630930	0.630930	0.630930	0.630930
q6888	0.000000	0.000000	0.000000	0.000000
q6889	0.333333	0.333333	0.333333	0.333333
q6890	0.386853	0.386853	0.386853	0.386853
q6892	0.000000	0.000000	0.000000	0.000000
q6893	0.000000	0.000000	0.000000	0.000000
q6894	0.000000	0.000000	0.000000	0.000000
q6897	0.000000	0.000000	0.000000	0.000000
q6898	0.000000	0.000000	0.000000	0.000000
q6900	0.000000	0.000000	0.000000	0.000000
q6902	0.000000	0.000000	0.000000	0.000000
q6904	0.000000	0.000000	0.000000	0.000000
q6906	0.000000	0.000000	0.000000	0.000000
q6908	0.000000	0.000000	0.000000	0.000000
q6909	0.000000	0.000000	0.000000	0.000000
q6911	0.000000	0.000000	0.000000	0.000000
q6912	0.000000	0.000000	0.000000	0.000000
q6915	0.000000	0.000000	0.000000	0.000000
q6917	0.000000	0.000000	0.000000	0.000000
q6918	0.000000	0.000000	0.000000	0.000000
q6919	0.000000	0.000000	0.000000	0.000000
q6920	0.000000	0.000000	0.000000	0.000000
q6921	0.000000	0.000000	0.000000	0.000000
q6922	0.000000	0.000000	0.000000	0.000000
q6924	0.000000	0.000000	0.000000	0.000000
q6927	0.000000	0.000000	0.000000	0.000000
q6929	0.000000	0.000000	0.000000	0.000000
q6930	0.000000	0.000000	0.000000	0.000000
q6931	0.000000	0.000000	0.000000	0.000000
q6932	0.000000	0.000000	0.000000	0.000000
q6933	1.000000	1.000000	1.000000	1.000000
q6936	0.000000	0.000000	0.000000	0.000000
q6938	0.000000	0.000000	0.000000	0.000000
q6939	0.000000	0.000000	0.000000	0.000000
q6940	0.000000	0.000000	0.000000	0.000000
q6941	0.000000	0.000000	0.000000	0.000000
q6947	0.000000	0.000000	0.000000	0.000000
q6948	0.000000	0.000000	0.000000	0.000000
q6950	0.000000	0.000000	0.000000	0.000000
q6953	0.000000	0.000000	0.000000	0.000000
q6954	0.000000	0.000000	0.000000	0.000000
q6955	0.000000	0.000000	0.000000	0.000000
q6957	0.000000	0.000000	0.000000	0.000000
q6959	0.000000	0.000000	0.000000	0.000000
q6961	0.000000	0.000000	0.000000	0.000000
q6964	0.000000	0.000000	0.000000	0.000000
q6965	0.000000	0.000000	0.000000	0.000000
q6966	0.000000	0.000000	0.000000	0.000000
q6977	0.000000	0.000000	0.000000	0.000000
q6981	0.000000	0.000000	0.000000	0.000000
q6983	0.000000	0.000000	0.000000	0.000000
q6987	0.000000	0.000000	0.000000	0.000000
q6989	0.000000	0.000000	0.000000	0.000000
q6990	0.000000	0.000000	0.000000	0.000000
q6993	0.000000	0.000000	0.000000	0.000000
q6994	0.500000	0.500000	0.500000	0.500000
q6997	0.000000	0.000000	0.000000	0.000000
q7002	0.000000	0.000000	0.000000	0.000000
q7009	0.000000	0.000000	0.000000	0.000000
q7010	0.000000	0.000000	0.000000	0.000000
q7012	0.000000	0.000000	0.000000	0.000000
q7013	0.000000	0.000000	0.000000	0.000000
q7014	0.000000	0.000000	0.000000	0.000000
q7015	0.000000	0.000000	0.000000	0.000000
q7018	0.000000	0.000000	0.000000	0.000000
q7019	0.000000	0.000000	0.000000	0.000000
q7022	0.000000	0.000000	0.000000	0.000000
q7023	0.000000	0.000000	0.000000	0.000000
q7027	0.000000	0.000000	0.000000	0.000000
q7028	0.000000	0.000000	0.000000	0.000000
q7032	0.000000	0.000000	0.000000	0.000000
q7033	0.000000	0.000000	0.000000	0.000000
q7035	0.000000	0.000000	0.000000	0.000000
q7036	0.000000	0.000000	0.000000	0.000000
q7037	0.000000	0.000000	0.000000	0.000000
q7039	0.000000	0.000000	0.000000	0.000000
q7041	0.000000	0.000000	0.000000	0.000000
q7044	0.000000	0.000000	0.000000	0.000000
q7050	0.000000	0.000000	0.000000	0.000000
q7053	0.000000	0.000000	0.000000	0.000000
q7054	0.430677	0.430677	0.430677	0.430677
q7055	0.000000	0.000000	0.000000	0.000000
q7057	0.000000	0.000000	0.000000	0.000000
q7060	0.000000	0.000000	0.000000	0.000000
q7062	0.000000	0.000000	0.000000	0.000000
q7063	0.000000	0.000000	0.000000	0.000000
q7064	0.386853	0.386853	0.386853	0.386853
q7070	0.000000	0.000000	0.000000	0.000000
q7071	0.000000	0.000000	0.000000	0.000000
q7072	0.000000	0.000000	0.000000	0.000000
q7073	0.000000	0.000000	0.000000	0.000000
q7076	0.000000	0.000000	0.000000	0.000000
q7077	0.000000	0.000000	0.000000	0.000000
q7078	0.000000	0.000000	0.000000	0.000000
q7079	0.000000	0.000000	0.000000	0.000000
q7081	0.630930	0.630930	0.630930	0.630930
q7082	0.000000	0.000000	0.000000	0.000000
q7086	0.000000	0.000000	0.000000	0.000000
q7088	0.500000	0.500000	0.500000	0.500000
q7097	0.000000	0.000000	0.000000	0.000000
q7098	0.000000	0.000000	0.000000	0.000000
q7100	0.000000	0.000000	0.000000	0.000000
q7101	0.000000	0.000000	0.000000	0.000000
q7102	0.000000	0.000000	0.000000	0.000000
q7104	0.000000	0.000000	0.000000	0.000000
q7105	0.000000	0.000000	0.000000	0.000000
q7106	0.000000	0.000000	0.000000	0.000000
q7107	0.000000	0.000000	0.000000	0.000000
q7109	0.000000	0.000000	0.000000	0.000000
q7114	0.000000	0.000000	0.000000	0.000000
q7116	0.000000	0.000000	0.000000	0.000000
q7117	0.000000	0.000000	0.000000	0.000000
q7121	0.000000	0.000000	0.000000	0.000000
q7122	0.000000	0.000000	0.000000	0.000000
q7123	0.000000	0.000000	0.000000	0.000000
q7126	1.000000	1.000000	1.000000	1.000000
q7129	0.000000	0.000000	0.000000	0.000000
q7130	0.000000	0.000000	0.000000	0.000000
q7136	0.000000	0.000000	0.000000	0.000000
q7139	0.356207	0.356207	0.356207	0.356207
q7142	0.000000	0.000000	0.000000	0.000000
q7145	0.000000	0.000000	0.000000	0.000000
q7150	0.000000	0.000000	0.000000	0.000000
q7152	0.000000	0.000000	0.000000	0.000000
q7153	0.000000	0.000000	0.000000	0.000000
q7155	0.500000	0.500000	0.500000	0.500000
q7156	0.000000	0.000000	0.000000	0.000000
q7157	0.000000	0.000000	0.000000	0.000000
q7161	0.000000	0.000000	0.000000	0.000000
q7162	0.301030	0.301030	0.301030	0.301030
q7163	0.000000	0.000000	0.000000	0.000000
q7165	0.000000	0.000000	0.000000	0.000000
q7166	0.000000	0.000000	0.000000	0.000000
q7175	0.000000	0.000000	0.000000	0.000000
q7179	0.000000	0.000000	0.000000	0.000000
q7181	0.000000	0.000000	0.000000	0.000000
q7184	0.000000	0.000000	0.000000	0.000000
q7186	0.000000	0.000000	0.000000	0.000000
q7187	0.000000	0.000000	0.000000	0.000000
q7188	0.000000	0.000000	0.000000	0.000000
q7190	0.000000	0.000000	0.000000	0.000000
q7191	0.000000	0.000000	0.000000	0.000000
q7192	0.630930	0.630930	0.630930	0.630930
q7193	0.000000	0.000000	0.000000	0.000000
q7195	1.000000	1.000000	1.000000	1.000000
q7196	0.000000	0.000000	0.000000	0.000000
q7198	0.000000	0.000000	0.000000	0.000000
q7203	0.000000	0.000000	0.000000	0.000000
q7206	0.000000	0.000000	0.000000	0.000000
q7208	0.000000	0.000000	0.000000	0.000000
q7210	0.000000	0.000000	0.000000	0.000000
q7212	0.356207	0.356207	0.356207	0.356207
q7216	0.000000	0.000000	0.000000	0.000000
q7217	0.000000	0.000000	0.000000	0.000000
q7221	0.000000	0.000000	0.000000	0.000000
q7223	0.000000	0.000000	0.000000	0.000000
q7224	0.000000	0.000000	0.000000	0.000000
q7231	0.000000	0.000000	0.000000	0.000000
q7232	0.000000	0.000000	0.000000	0.000000
q7235	0.000000	0.000000	0.000000	0.000000
q7241	0.000000	0.000000	0.000000	0.000000
q7242	0.000000	0.000000	0.000000	0.000000
q7243	0.000000	0.000000	0.000000	0.000000
q7244	0.430677	0.430677	0.430677	0.430677
q7245	0.000000	0.000000	0.000000	0.000000
q7247	0.000000	0.000000	0.000000	0.000000
q7250	0.000000	0.000000	0.000000	0.000000
q7251	0.000000	0.000000	0.000000	0.000000
q7252	0.315465	0.315465	0.315465	0.315465
q7255	0.000000	0.000000	0.000000	0.000000
q7259	0.000000	0.000000	0.000000	0.000000
q7260	0.000000	0.000000	0.000000	0.000000
q7263	0.000000	0.000000	0.000000	0.000000
q7264	0.000000	0.000000	0.000000	0.000000
q7266	0.000000	0.000000	0.000000	0.000000
q7268	0.000000	0.000000	0.000000	0.000000
q7269	0.000000	0.000000	0.000000	0.000000
q7270	0.356207	0.356207	0.356207	0.356207
q7272	0.000000	0.000000	0.000000	0.000000
q7273	0.630930	0.630930	0.630930	0.630930
q7275	0.000000	0.000000	0.000000	0.000000
q7279	0.000000	0.000000	0.000000	0.000000
q7280	0.000000	0.000000	0.000000	0.000000
q7281	0.000000	0.000000	0.000000	0.000000
q7282	0.000000	0.000000	0.000000	0.000000
q7287	0.000000	0.000000	0.000000	0.000000
q7289	0.000000	0.000000	0.000000	0.000000
q7290	0.000000	0.000000	0.000000	0.000000
q7291	0.000000	0.000000	0.000000	0.000000
q7293	0.000000	0.000000	0.000000	0.000000
q7297	0.000000	0.000000	0.000000	0.000000
q7298	0.000000	0.000000	0.000000	0.000000
q7299	0.000000	0.000000	0.000000	0.000000
q7300	0.000000	0.000000	0.000000	0.000000
q7303	0.000000	0.000000	0.000000	0.000000
q7304	0.430677	0.430677	0.430677	0.430677
q7316	0.000000	0.000000	0.000000	0.000000
q7317	0.000000	0.000000	0.000000	0.000000
q7318	0.000000	0.000000	0.000000	0.000000
q7319	0.000000	0.000000	0.000000	0.000000
q7320	0.000000	0.000000	0.000000	0.000000
q7322	0.000000	0.000000	0.000000	0.000000
q7323	0.000000	0.000000	0.000000	0.000000
q7324	0.000000	0.000000	0.000000	0.000000
q7325	0.000000	0.000000	0.000000	0.000000
q7326	0.500000	0.500000	0.500000	0.500000
q7329	0.000000	0.000000	0.000000	0.000000
q7332	0.000000	0.000000	0.000000	0.000000
q7333	0.000000	0.000000	0.000000	0.000000
q7334	0.000000	0.000000	0.000000	0.000000
q7338	0.000000	0.000000	0.000000	0.000000
q7341	0.000000	0.000000	0.000000	0.000000
q7342	0.000000	0.000000	0.000000	0.000000
q7344	0.000000	0.000000	0.000000	0.000000
q7345	0.000000	0.000000	0.000000	0.000000
q7346	0.000000	0.000000	0.000000	0.000000
q7347	0.000000	0.000000	0.000000	0.000000
q7349	0.000000	0.000000	0.000000	0.000000
q7352	0.630930	0.630930	0.630930	0.630930
q7354	0.000000	0.000000	0.000000	0.000000
q7356	0.000000	0.000000	0.000000	0.000000
q7357	0.000000	0.000000	0.000000	0.000000
q7360	0.000000	0.000000	0.000000	0.000000
q7361	0.000000	0.000000	0.000000	0.000000
q7363	0.000000	0.000000	0.000000	0.000000
q7365	0.000000	0.000000	0.000000	0.000000
q7367	0.000000	0.000000	0.000000	0.000000
q7369	0.000000	0.000000	0.000000	0.000000
q7370	0.000000	0.000000	0.000000	0.000000
q7371	0.000000	0.000000	0.000000	0.000000
q7373	1.000000	1.000000	1.000000	1.000000
q7376	0.000000	0.000000	0.000000	0.000000
q7380	0.000000	0.000000	0.000000	0.000000
q7381	0.000000	0.000000	0.000000	0.000000
q7382	0.000000	0.000000	0.000000	0.000000
q7383	0.000000	0.000000	0.000000	0.000000
q7385	0.000000	0.000000	0.000000	0.000000
q7386	0.000000	0.000000	0.000000	0.000000
q7388	0.000000	0.000000	0.000000	0.000000
q7389	0.000000	0.000000	0.000000	0.000000
q7390	0.000000	0.000000	0.000000	0.000000
q7394	0.000000	0.000000	0.000000	0.000000
q7395	0.000000	0.000000	0.000000	0.000000
q7396	0.000000	0.000000	0.000000	0.000000
q7397	0.000000	0.000000	0.000000	0.000000
q7403	0.000000	0.000000	0.000000	0.000000
q7405	0.000000	0.000000	0.000000	0.000000
q7406	0.000000	0.000000	0.000000	0.000000
q7409	0.000000	0.000000	0.000000	0.000000
q7412	0.000000	0.000000	0.000000	0.000000
q7413	0.000000	0.000000	0.000000	0.000000
q7417	0.000000	0.000000	0.000000	0.000000
q7418	0.430677	0.430677	0.430677	0.430677
q7420	0.000000	0.000000	0.000000	0.000000
q7421	0.315465	0.315465	0.315465	0.315465
q7422	0.000000	0.000000	0.000000	0.000000
q7424	0.000000	0.000000	0.000000	0.000000
q7425	0.000000	0.000000	0.000000	0.000000
q7426	0.000000	0.000000	0.000000	0.000000
q7427	0.000000	0.000000	0.000000	0.000000
q7428	0.000000	0.000000	0.000000	0.000000
q7431	0.000000	0.000000	0.000000	0.000000
q7433	0.000000	0.000000	0.000000	0.000000
q7435	0.000000	0.000000	0.000000	0.000000
q7437	0.000000	0.000000	0.000000	0.000000
q7438	0.000000	0.000000	0.000000	0.000000
q7439	0.000000	0.000000	0.000000	0.000000
q7440	0.000000	0.000000	0.000000	0.000000
q7445	0.000000	0.000000	0.000000	0.000000
q7446	0.000000	0.000000	0.000000	0.000000
q7450	0.000000	0.000000	0.000000	0.000000
q7451	0.000000	0.000000	0.000000	0.000000
q7456	0.000000	0.000000	0.000000	0.000000
q7459	0.000000	0.000000	0.000000	0.000000
q7461	0.000000	0.000000	0.000000	0.000000
q7463	0.000000	0.000000	0.000000	0.000000
q7466	0.000000	0.000000	0.000000	0.000000
q7469	0.315465	0.315465	0.315465	0.315465
q7470	0.000000	0.000000	0.000000	0.000000
q7473	0.315465	0.315465	0.315465	0.315465
q7474	0.630930	0.630930	0.630930	0.630930
q7478	0.000000	0.000000	0.000000	0.000000
q7479	0.000000	0.000000	0.000000	0.000000
q7480	0.000000	0.000000	0.000000	0.000000
q7481	0.000000	0.000000	0.000000	0.000000
q7482	0.000000	0.000000	0.000000	0.000000
q7483	0.000000	0.000000	0.000000	0.000000
q7484	1.000000	1.000000	1.000000	1.000000
q7485	0.000000	0.000000	0.000000	0.000000
q7486	0.000000	0.000000	0.000000	0.000000
q7490	0.000000	0.000000	0.000000	0.000000
q7491	0.000000	0.000000	0.000000	0.000000
q7494	0.000000	0.000000	0.000000	0.000000
q7497	1.000000	1.000000	1.000000	1.000000
q7500	0.000000	0.000000	0.000000	0.000000
q7503	0.000000	0.000000	0.000000	0.000000
q7505	0.386853	0.386853	0.386853	0.386853
q7506	0.000000	0.000000	0.000000	0.000000
q7511	0.000000	0.000000	0.000000	0.000000
q7512	0.000000	0.000000	0.000000	0.000000
q7516	0.000000	0.000000	0.000000	0.000000
q7517	0.000000	0.000000	0.000000	0.000000
q7520	0.630930	0.630930	0.630930	0.630930
q7522	0.000000	0.000000	0.000000	0.000000
q7526	0.000000	0.000000	0.000000	0.000000
q7527	0.000000	0.000000	0.000000	0.000000
q7532	0.000000	0.000000	0.000000	0.000000
q7533	0.000000	0.000000	0.000000	0.000000
q7534	0.000000	0.000000	0.000000	0.000000
q7535	0.000000	0.000000	0.000000	0.000000
q7538	0.000000	0.000000	0.000000	0.000000
q7539	0.000000	0.000000	0.000000	0.000000
q7541	0.000000	0.000000	0.000000	0.000000
q7542	0.000000	0.000000	0.000000	0.000000
q7543	0.000000	0.000000	0.000000	0.000000
q7545	0.000000	0.000000	0.000000	0.000000
q7548	0.000000	0.000000	0.000000	0.000000
q7549	0.000000	0.000000	0.000000	0.000000
q7551	0.000000	0.000000	0.000000	0.000000
q7554	0.000000	0.000000	0.000000	0.000000
q7555	0.000000	0.000000	0.000000	0.000000
q7557	0.000000	0.000000	0.000000	0.000000
q7561	0.000000	0.000000	0.000000	0.000000
q7562	0.000000	0.000000	0.000000	0.000000
q7563	0.000000	0.000000	0.000000	0.000000
q7565	0.000000	0.000000	0.000000	0.000000
q7566	0.000000	0.000000	0.000000	0.000000
q7567	0.000000	0.000000	0.000000	0.000000
q7574	0.000000	0.000000	0.000000	0.000000
q7578	0.000000	0.000000	0.000000	0.000000
q7580	0.289065	0.289065	0.289065	0.289065
q7583	0.000000	0.000000	0.000000	0.000000
q7584	1.000000	1.000000	1.000000	1.000000
q7585	0.000000	0.000000	0.000000	0.000000
q7586	0.000000	0.000000	0.000000	0.000000
q7588	0.000000	0.000000	0.000000	0.000000
q7590	0.000000	0.000000	0.000000	0.000000
q7594	0.000000	0.000000	0.000000	0.000000
q7598	0.000000	0.000000	0.000000	0.000000
q7601	0.000000	0.000000	0.000000	0.000000
q7603	0.000000	0.000000	0.000000	0.000000
q7607	0.000000	0.000000	0.000000	0.000000
q7609	0.333333	0.333333	0.333333	0.333333
q7612	0.000000	0.000000	0.000000	0.000000
q7613	0.000000	0.000000	0.000000	0.000000
q7616	0.000000	0.000000	0.000000	0.000000
q7619	0.000000	0.000000	0.000000	0.000000
q7621	0.000000	0.000000	0.000000	0.000000
q7626	0.000000	0.000000	0.000000	0.000000
q7627	0.000000	0.000000	0.000000	0.000000
q7629	1.000000	1.000000	1.000000	1.000000
q7632	0.500000	0.500000	0.500000	0.500000
q7636	1.000000	1.000000	1.000000	1.000000
q7637	0.630930	0.630930	0.630930	0.630930
q7639	1.000000	1.000000	1.000000	1.000000
q7640	0.630930	0.630930	0.630930	0.630930
q7651	0.000000	0.000000	0.000000	0.000000
q7653	0.000000	0.000000	0.000000	0.000000
q7654	0.000000	0.000000	0.000000	0.000000
q7656	0.000000	0.000000	0.000000	0.000000
q7661	0.000000	0.000000	0.000000	0.000000
q7664	0.000000	0.000000	0.000000	0.000000
q7668	0.000000	0.000000	0.000000	0.000000
q7669	1.000000	1.000000	1.000000	1.000000
q7671	0.000000	0.000000	0.000000	0.000000
q7672	1.000000	1.000000	1.000000	1.000000
q7674	0.000000	0.000000	0.000000	0.000000
q7675	1.000000	1.000000	1.000000	1.000000
q7676	0.000000	0.000000	0.000000	0.000000
q7677	0.000000	0.000000	0.000000	0.000000
q7679	0.000000	0.000000	0.000000	0.000000
q7682	0.000000	0.000000	0.000000	0.000000
q7684	0.000000	0.000000	0.000000	0.000000
q7685	0.000000	0.000000	0.000000	0.000000
q7687	0.000000	0.000000	0.000000	0.000000
q7690	0.000000	0.000000	0.000000	0.000000
q7691	0.000000	0.000000	0.000000	0.000000
q7692	0.000000	0.000000	0.000000	0.000000
q7696	0.000000	0.000000	0.000000	0.000000
q7700	0.000000	0.000000	0.000000	0.000000
q7703	0.000000	0.000000	0.000000	0.000000
q7704	0.000000	0.000000	0.000000	0.000000
q7705	0.000000	0.000000	0.000000	0.000000
q7706	0.000000	0.000000	0.000000	0.000000
q7708	0.000000	0.000000	0.000000	0.000000
q7710	0.000000	0.000000	0.000000	0.000000
q7712	0.000000	0.000000	0.000000	0.000000
q7713	0.000000	0.000000	0.000000	0.000000
q7714	0.000000	0.000000	0.000000	0.000000
q7717	1.000000	1.000000	1.000000	1.000000
q7718	0.630930	0.630930	0.630930	0.630930
q7720	0.000000	0.000000	0.000000	0.000000
q7721	0.430677	0.430677	0.430677	0.430677
q7723	1.000000	1.000000	1.000000	1.000000
q7724	0.630930	0.630930	0.630930	0.630930
q7726	0.000000	0.000000	0.000000	0.000000
q7728	0.000000	0.000000	0.000000	0.000000
q7733	0.000000	0.000000	0.000000	0.000000
q7734	0.630930	0.630930	0.630930	0.630930
q7737	0.000000	0.000000	0.000000	0.000000
q7739	0.000000	0.000000	0.000000	0.000000
q7742	0.000000	0.000000	0.000000	0.000000
q7743	0.000000	0.000000	0.000000	0.000000
q7744	0.000000	0.000000	0.000000	0.000000
q7748	0.000000	0.000000	0.000000	0.000000
q7749	0.000000	0.000000	0.000000	0.000000
q7751	0.000000	0.000000	0.000000	0.000000
q7752	0.000000	0.000000	0.000000	0.000000
q7755	0.000000	0.000000	0.000000	0.000000
q7757	0.000000	0.000000	0.000000	0.000000
q7758	0.000000	0.000000	0.000000	0.000000
q7759	0.500000	0.500000	0.500000	0.500000
q7761	0.000000	0.000000	0.000000	0.000000
q7764	0.000000	0.000000	0.000000	0.000000
q7765	0.000000	0.000000	0.000000	0.000000
q7768	0.000000	0.000000	0.000000	0.000000
q7769	0.000000	0.000000	0.000000	0.000000
q7771	0.315465	0.315465	0.315465	0.315465
q7773	0.630930	0.630930	0.630930	0.630930
q7774	0.000000	0.000000	0.000000	0.000000
q7775	0.000000	0.000000	0.000000	0.000000
q7780	0.000000	0.000000	0.000000	0.000000
q7781	0.000000	0.000000	0.000000	0.000000
q7782	0.000000	0.000000	0.000000	0.000000
q7783	0.430677	0.430677	0.430677	0.430677
q7784	0.000000	0.000000	0.000000	0.000000
q7785	1.000000	1.000000	1.000000	1.000000
q7786	0.000000	0.000000	0.000000	0.000000
q7787	0.000000	0.000000	0.000000	0.000000
q7789	0.000000	0.000000	0.000000	0.000000
q7790	0.000000	0.000000	0.000000	0.000000
q7792	0.000000	0.000000	0.000000	0.000000
q7793	0.000000	0.000000	0.000000	0.000000
q7794	0.000000	0.000000	0.000000	0.000000
q7795	0.000000	0.000000	0.000000	0.000000
q7796	0.000000	0.000000	0.000000	0.000000
q7797	0.000000	0.000000	0.000000	0.000000
q7798	0.000000	0.000000	0.000000	0.000000
q7799	0.000000	0.000000	0.000000	0.000000
q7800	0.000000	0.000000	0.000000	0.000000
q7804	0.000000	0.000000	0.000000	0.000000
q7806	0.000000	0.000000	0.000000	0.000000
q7810	0.000000	0.000000	0.000000	0.000000
q7813	0.000000	0.000000	0.000000	0.000000
q7816	0.000000	0.000000	0.000000	0.000000
q7817	0.000000	0.000000	0.000000	0.000000
q7819	0.000000	0.000000	0.000000	0.000000
q7820	0.000000	0.000000	0.000000	0.000000
q7821	0.000000	0.000000	0.000000	0.000000
q7823	1.000000	1.000000	1.000000	1.000000
q7828	0.000000	0.000000	0.000000	0.000000
q7832	0.000000	0.000000	0.000000	0.000000
q7834	0.000000	0.000000	0.000000	0.000000
q7835	0.000000	0.000000	0.000000	0.000000
q7836	0.386853	0.386853	0.386853	0.386853
q7839	0.000000	0.000000	0.000000	0.000000
q7840	0.000000	0.000000	0.000000	0.000000
q7841	0.356207	0.356207	0.356207	0.356207
q7843	0.000000	0.000000	0.000000	0.000000
q7846	0.000000	0.000000	0.000000	0.000000
q7847	0.000000	0.000000	0.000000	0.000000
q7848	0.000000	0.000000	0.000000	0.000000
q7851	0.000000	0.000000	0.000000	0.000000
q7852	0.000000	0.000000	0.000000	0.000000
q7853	0.500000	0.500000	0.500000	0.500000
q7854	0.000000	0.000000	0.000000	0.000000
q7857	0.000000	0.000000	0.000000	0.000000
q7858	0.000000	0.000000	0.000000	0.000000
q7859	0.000000	0.000000	0.000000	0.000000
q7860	0.000000	0.000000	0.000000	0.000000
q7862	0.000000	0.000000	0.000000	0.000000
q7863	0.000000	0.000000	0.000000	0.000000
q7864	0.000000	0.000000	0.000000	0.000000
q7865	0.630930	0.630930	0.630930	0.630930
q7866	0.000000	0.000000	0.000000	0.000000
q7867	0.000000	0.000000	0.000000	0.000000
q7870	0.000000	0.000000	0.000000	0.000000
q7872	0.000000	0.000000	0.000000	0.000000
q7876	0.000000	0.000000	0.000000	0.000000
q7878	0.000000	0.000000	0.000000	0.000000
q7879	0.000000	0.000000	0.000000	0.000000
q7882	0.500000	0.500000	0.500000	0.500000
q7884	0.000000	0.000000	0.000000	0.000000
q7888	0.000000	0.000000	0.000000	0.000000
q7890	0.000000	0.000000	0.000000	0.000000
q7895	0.000000	0.000000	0.000000	0.000000
q7896	0.000000	0.000000	0.000000	0.000000
q7897	0.000000	0.000000	0.000000	0.000000
q7899	0.000000	0.000000	0.000000	0.000000
q7901	0.000000	0.000000	0.000000	0.000000
q7902	0.000000	0.000000	0.000000	0.000000
q7906	0.000000	0.000000	0.000000	0.000000
q7907	0.000000	0.000000	0.000000	0.000000
q7909	0.000000	0.000000	0.000000	0.000000
q7910	0.000000	0.000000	0.000000	0.000000
q7912	0.000000	0.000000	0.000000	0.000000
q7914	0.000000	0.000000	0.000000	0.000000
q7915	0.000000	0.000000	0.000000	0.000000
q7916	0.000000	0.000000	0.000000	0.000000
q7919	0.000000	0.000000	0.000000	0.000000
q7921	0.000000	0.000000	0.000000	0.000000
q7923	0.000000	0.000000	0.000000	0.000000
q7924	1.000000	1.000000	1.000000	1.000000
q7927	0.000000	0.000000	0.000000	0.000000
q7928	0.000000	0.000000	0.000000	0.000000
q7931	0.000000	0.000000	0.000000	0.000000
q7932	0.315465	0.315465	0.315465	0.315465
q7935	0.000000	0.000000	0.000000	0.000000
q7938	0.000000	0.000000	0.000000	0.000000
q7939	0.000000	0.000000	0.000000	0.000000
q7944	0.000000	0.000000	0.000000	0.000000
q7946	0.000000	0.000000	0.000000	0.000000
q7949	0.000000	0.000000	0.000000	0.000000
q7951	0.333333	0.333333	0.333333	0.333333
q7952	0.000000	0.000000	0.000000	0.000000
q7955	0.000000	0.000000	0.000000	0.000000
q7956	0.000000	0.000000	0.000000	0.000000
q7957	0.000000	0.000000	0.000000	0.000000
q7959	0.000000	0.000000	0.000000	0.000000
q7960	1.000000	1.000000	1.000000	1.000000
q7961	0.000000	0.000000	0.000000	0.000000
q7965	0.000000	0.000000	0.000000	0.000000
q7966	0.000000	0.000000	0.000000	0.000000
q7973	0.000000	0.000000	0.000000	0.000000
q7974	0.000000	0.000000	0.000000	0.000000
q7975	0.289065	0.289065	0.289065	0.289065
q7977	0.000000	0.000000	0.000000	0.000000
q7978	0.000000	0.000000	0.000000	0.000000
q7979	1.000000	1.000000	1.000000	1.000000
q7980	0.000000	0.000000	0.000000	0.000000
q7984	0.000000	0.000000	0.000000	0.000000
q7986	0.000000	0.000000	0.000000	0.000000
q7987	0.000000	0.000000	0.000000	0.000000
q7989	1.000000	1.000000	1.000000	1.000000
q7990	0.000000	0.000000	0.000000	0.000000
q7991	0.000000	0.000000	0.000000	0.000000
q7994	0.000000	0.000000	0.000000	0.000000
q7995	0.000000	0.000000	0.000000	0.000000
q7998	0.000000	0.000000	0.000000	0.000000
q8000	0.000000	0.000000	0.000000	0.000000
q8002	0.000000	0.000000	0.000000	0.000000
q8003	0.000000	0.000000	0.000000	0.000000
q8005	0.000000	0.000000	0.000000	0.000000
q8006	0.000000	0.000000	0.000000	0.000000
q8007	0.000000	0.000000	0.000000	0.000000
q8008	0.000000	0.000000	0.000000	0.000000
q8009	0.000000	0.000000	0.000000	0.000000
q8010	0.000000	0.000000	0.000000	0.000000
q8012	0.000000	0.000000	0.000000	0.000000
q8014	0.000000	0.000000	0.000000	0.000000
q8015	0.000000	0.000000	0.000000	0.000000
q8022	0.000000	0.000000	0.000000	0.000000
q8025	0.000000	0.000000	0.000000	0.000000
q8027	0.000000	0.000000	0.000000	0.000000
q8030	0.000000	0.000000	0.000000	0.000000
q8032	0.000000	0.000000	0.000000	0.000000
q8035	0.000000	0.000000	0.000000	0.000000
q8036	0.000000	0.000000	0.000000	0.000000
q8039	0.000000	0.000000	0.000000	0.000000
q8043	0.000000	0.000000	0.000000	0.000000
q8045	0.000000	0.000000	0.000000	0.000000
q8046	0.000000	0.000000	0.000000	0.000000
q8047	0.000000	0.000000	0.000000	0.000000
q8048	0.000000	0.000000	0.000000	0.000000
q8054	0.000000	0.000000	0.000000	0.000000
q8057	0.000000	0.000000	0.000000	0.000000
q8060	0.000000	0.000000	0.000000	0.000000
q8063	0.000000	0.000000	0.000000	0.000000
q8064	1.000000	1.000000	1.000000	1.000000
q8066	0.000000	0.000000	0.000000	0.000000
q8067	0.500000	0.500000	0.500000	0.500000
q8068	0.000000	0.000000	0.000000	0.000000
q8070	0.000000	0.000000	0.000000	0.000000
q8072	0.000000	0.000000	0.000000	0.000000
q8076	0.000000	0.000000	0.000000	0.000000
q8081	0.000000	0.000000	0.000000	0.000000
q8083	0.500000	0.500000	0.500000	0.500000
q8086	0.000000	0.000000	0.000000	0.000000
q8087	0.000000	0.000000	0.000000	0.000000
q8088	0.000000	0.000000	0.000000	0.000000
q8090	0.000000	0.000000	0.000000	0.000000
q8091	0.000000	0.000000	0.000000	0.000000
q8092	0.000000	0.000000	0.000000	0.000000
q8093	0.000000	0.000000	0.000000	0.000000
q8094	0.000000	0.000000	0.000000	0.000000
q8096	0.000000	0.000000	0.000000	0.000000
q8098	0.000000	0.000000	0.000000	0.000000
q8099	0.000000	0.000000	0.000000	0.000000
q8101	0.000000	0.000000	0.000000	0.000000
q8102	0.000000	0.000000	0.000000	0.000000
q8104	0.000000	0.000000	0.000000	0.000000
q8105	0.000000	0.000000	0.000000	0.000000
q8107	1.000000	1.000000	1.000000	1.000000
q8113	0.430677	0.430677	0.430677	0.430677
q8114	0.289065	0.289065	0.289065	0.289065
q8117	0.000000	0.000000	0.000000	0.000000
q8118	0.500000	0.500000	0.500000	0.500000
q8120	0.000000	0.000000	0.000000	0.000000
q8122	0.000000	0.000000	0.000000	0.000000
q8125	0.000000	0.000000	0.000000	0.000000
q8127	0.000000	0.000000	0.000000	0.000000
q8131	0.000000	0.000000	0.000000	0.000000
q8132	0.500000	0.500000	0.500000	0.500000
q8138	0.000000	0.000000	0.000000	0.000000
q8144	0.000000	0.000000	0.000000	0.000000
q8146	0.000000	0.000000	0.000000	0.000000
q8147	0.000000	0.000000	0.000000	0.000000
q8150	0.000000	0.000000	0.000000	0.000000
q8151	0.000000	0.000000	0.000000	0.000000
q8152	0.356207	0.356207	0.356207	0.356207
q8154	0.430677	0.430677	0.430677	0.430677
q8155	0.289065	0.289065	0.289065	0.289065
q8156	0.000000	0.000000	0.000000	0.000000
q8158	0.315465	0.315465	0.315465	0.315465
q8159	0.000000	0.000000	0.000000	0.000000
q8164	0.000000	0.000000	0.000000	0.000000
q8167	0.000000	0.000000	0.000000	0.000000
q8168	0.000000	0.000000	0.000000	0.000000
q8171	1.000000	1.000000	1.000000	1.000000
q8172	0.000000	0.000000	0.000000	0.000000
q8173	0.000000	0.000000	0.000000	0.000000
q8174	0.000000	0.000000	0.000000	0.000000
q8177	0.000000	0.000000	0.000000	0.000000
q8178	0.000000	0.000000	0.000000	0.000000
q8183	0.000000	0.000000	0.000000	0.000000
q8184	0.000000	0.000000	0.000000	0.000000
q8187	0.000000	0.000000	0.000000	0.000000
q8188	0.000000	0.000000	0.000000	0.000000
q8189	0.000000	0.000000	0.000000	0.000000
q8191	0.000000	0.000000	0.000000	0.000000
q8193	0.000000	0.000000	0.000000	0.000000
q8199	0.000000	0.000000	0.000000	0.000000
q8201	0.000000	0.000000	0.000000	0.000000
q8202	0.000000	0.000000	0.000000	0.000000
q8203	0.000000	0.000000	0.000000	0.000000
q8206	0.000000	0.000000	0.000000	0.000000
q8208	0.289065	0.289065	0.289065	0.289065
q8209	0.000000	0.000000	0.000000	0.000000
q8210	0.000000	0.000000	0.000000	0.000000
q8211	0.000000	0.000000	0.000000	0.000000
q8215	0.301030	0.301030	0.301030	0.301030
q8216	0.000000	0.000000	0.000000	0.000000
q8218	0.000000	0.000000	0.000000	0.000000
q8219	0.000000	0.000000	0.000000	0.000000
q8220	0.356207	0.356207	0.356207	0.356207
q8221	0.289065	0.289065	0.289065	0.289065
q8223	0.000000	0.000000	0.000000	0.000000
q8224	0.000000	0.000000	0.000000	0.000000
q8225	0.000000	0.000000	0.000000	0.000000
q8226	0.000000	0.000000	0.000000	0.000000
q8228	0.000000	0.000000	0.000000	0.000000
q8229	0.000000	0.000000	0.000000	0.000000
q8231	0.315465	0.315465	0.315465	0.315465
q8232	0.000000	0.000000	0.000000	0.000000
q8233	0.000000	0.000000	0.000000	0.000000
q8234	0.000000	0.000000	0.000000	0.000000
q8236	0.630930	0.630930	0.630930	0.630930
q8238	0.000000	0.000000	0.000000	0.000000
q8246	0.000000	0.000000	0.000000	0.000000
q8249	0.000000	0.000000	0.000000	0.000000
q8251	0.000000	0.000000	0.000000	0.000000
q8255	0.000000	0.000000	0.000000	0.000000
q8256	0.000000	0.000000	0.000000	0.000000
q8257	0.000000	0.000000	0.000000	0.000000
q8258	0.356207	0.356207	0.356207	0.356207
q8265	0.000000	0.000000	0.000000	0.000000
q8266	0.000000	0.000000	0.000000	0.000000
q8269	0.000000	0.000000	0.000000	0.000000
q8270	0.000000	0.000000	0.000000	0.000000
q8271	0.000000	0.000000	0.000000	0.000000
q8273	0.000000	0.000000	0.000000	0.000000
q8282	0.000000	0.000000	0.000000	0.000000
q8283	0.000000	0.000000	0.000000	0.000000
q8284	0.000000	0.000000	0.000000	0.000000
q8286	0.000000	0.000000	0.000000	0.000000
q8287	0.000000	0.000000	0.000000	0.000000
q8289	0.000000	0.000000	0.000000	0.000000
q8290	0.000000	0.000000	0.000000	0.000000
q8292	1.000000	1.000000	1.000000	1.000000
q8293	0.000000	0.000000	0.000000	0.000000
q8295	0.000000	0.000000	0.000000	0.000000
q8298	0.000000	0.000000	0.000000	0.000000
q8300	0.000000	0.000000	0.000000	0.000000
q8302	0.000000	0.000000	0.000000	0.000000
q8303	0.000000	0.000000	0.000000	0.000000
q8304	0.000000	0.000000	0.000000	0.000000
q8305	0.500000	0.500000	0.500000	0.500000
q8308	0.000000	0.000000	0.000000	0.000000
q8309	0.000000	0.000000	0.000000	0.000000
q8310	0.000000	0.000000	0.000000	0.000000
q8311	0.000000	0.000000	0.000000	0.000000
q8312	0.000000	0.000000	0.000000	0.000000
q8313	0.000000	0.000000	0.000000	0.000000
q8314	0.000000	0.000000	0.000000	0.000000
q8315	0.000000	0.000000	0.000000	0.000000
q8316	0.000000	0.000000	0.000000	0.000000
q8318	0.630930	0.630930	0.630930	0.630930
q8319	0.000000	0.000000	0.000000	0.000000
q8320	0.000000	0.000000	0.000000	0.000000
q8322	0.000000	0.000000	0.000000	0.000000
q8324	0.000000	0.000000	0.000000	0.000000
q8326	0.000000	0.000000	0.000000	0.000000
q8327	0.630930	0.630930	0.630930	0.630930
q8328	0.000000	0.000000	0.000000	0.000000
q8330	0.000000	0.000000	0.000000	0.000000
q8332	0.289065	0.289065	0.289065	0.289065
q8335	0.000000	0.000000	0.000000	0.000000
q8337	1.000000	1.000000	1.000000	1.000000
q8338	0.000000	0.000000	0.000000	0.000000
q8340	0.000000	0.000000	0.000000	0.000000
q8342	0.000000	0.000000	0.000000	0.000000
q8344	0.000000	0.000000	0.000000	0.000000
q8347	0.000000	0.000000	0.000000	0.000000
q8348	0.000000	0.000000	0.000000	0.000000
q8349	0.000000	0.000000	0.000000	0.000000
q8350	0.000000	0.000000	0.000000	0.000000
q8352	0.000000	0.000000	0.000000	0.000000
q8353	0.315465	0.315465	0.315465	0.315465
q8354	0.630930	0.630930	0.630930	0.630930
q8355	0.430677	0.430677	0.430677	0.430677
q8357	0.000000	0.000000	0.000000	0.000000
q8360	0.000000	0.000000	0.000000	0.000000
q8361	0.000000	0.000000	0.000000	0.000000
q8362	0.000000	0.000000	0.000000	0.000000
q8366	0.000000	0.000000	0.000000	0.000000
q8367	0.000000	0.000000	0.000000	0.000000
q8368	0.500000	0.500000	0.500000	0.500000
q8369	0.000000	0.000000	0.000000	0.000000
q8371	0.000000	0.000000	0.000000	0.000000
q8372	0.000000	0.000000	0.000000	0.000000
q8376	0.000000	0.000000	0.000000	0.000000
q8377	0.000000	0.000000	0.000000	0.000000
q8378	0.000000	0.000000	0.000000	0.000000
q8379	0.630930	0.630930	0.630930	0.630930
q8380	0.000000	0.000000	0.000000	0.000000
q8381	0.000000	0.000000	0.000000	0.000000
q8382	0.000000	0.000000	0.000000	0.000000
q8387	0.430677	0.430677	0.430677	0.430677
q8389	0.000000	0.000000	0.000000	0.000000
q8390	0.315465	0.315465	0.315465	0.315465
q8391	0.000000	0.000000	0.000000	0.000000
q8394	0.000000	0.000000	0.000000	0.000000
q8396	0.000000	0.000000	0.000000	0.000000
q8400	0.000000	0.000000	0.000000	0.000000
q8401	0.386853	0.386853	0.386853	0.386853
q8403	0.000000	0.000000	0.000000	0.000000
q8404	0.000000	0.000000	0.000000	0.000000
q8406	0.000000	0.000000	0.000000	0.000000
q8407	0.000000	0.000000	0.000000	0.000000
q8409	0.000000	0.000000	0.000000	0.000000
q8410	0.000000	0.000000	0.000000	0.000000
q8411	0.000000	0.000000	0.000000	0.000000
q8412	0.000000	0.000000	0.000000	0.000000
q8416	0.000000	0.000000	0.000000	0.000000
q8418	0.000000	0.000000	0.000000	0.000000
q8424	1.000000	1.000000	1.000000	1.000000
q8428	0.000000	0.000000	0.000000	0.000000
q8429	0.000000	0.000000	0.000000	0.000000
q8431	0.000000	0.000000	0.000000	0.000000
q8434	1.000000	1.000000	1.000000	1.000000
q8435	0.000000	0.000000	0.000000	0.000000
q8436	0.000000	0.000000	0.000000	0.000000
q8439	0.000000	0.000000	0.000000	0.000000
q8443	0.000000	0.000000	0.000000	0.000000
q8445	0.000000	0.000000	0.000000	0.000000
q8446	0.000000	0.000000	0.000000	0.000000
q8447	0.000000	0.000000	0.000000	0.000000
q8448	0.000000	0.000000	0.000000	0.000000
q8449	0.000000	0.000000	0.000000	0.000000
q8451	0.000000	0.000000	0.000000	0.000000
q8453	0.000000	0.000000	0.000000	0.000000
q8454	0.000000	0.000000	0.000000	0.000000
q8455	0.000000	0.000000	0.000000	0.000000
q8458	0.000000	0.000000	0.000000	0.000000
q8463	0.000000	0.000000	0.000000	0.000000
q8465	0.000000	0.000000	0.000000	0.000000
q8466	0.000000	0.000000	0.000000	0.000000
q8468	0.000000	0.000000	0.000000	0.000000
q8471	0.386853	0.386853	0.386853	0.386853
q8472	0.000000	0.000000	0.000000	0.000000
q8473	0.000000	0.000000	0.000000	0.000000
q8474	0.000000	0.000000	0.000000	0.000000
q8477	0.000000	0.000000	0.000000	0.000000
q8478	0.000000	0.000000	0.000000	0.000000
q8479	1.000000	1.000000	1.000000	1.000000
q8481	0.000000	0.000000	0.000000	0.000000
q8482	0.000000	0.000000	0.000000	0.000000
q8483	0.000000	0.000000	0.000000	0.000000
q8485	0.000000	0.000000	0.000000	0.000000
q8486	0.386853	0.386853	0.386853	0.386853
q8488	0.315465	0.315465	0.315465	0.315465
q8489	0.000000	0.000000	0.000000	0.000000
q8490	0.000000	0.000000	0.000000	0.000000
q8492	0.000000	0.000000	0.000000	0.000000
q8495	0.000000	0.000000	0.000000	0.000000
q8497	0.000000	0.000000	0.000000	0.000000
q8499	1.000000	1.000000	1.000000	1.000000
q8500	0.000000	0.000000	0.000000	0.000000
q8501	0.000000	0.000000	0.000000	0.000000
q8502	0.333333	0.333333	0.333333	0.333333
q8503	0.000000	0.000000	0.000000	0.000000
q8505	0.000000	0.000000	0.000000	0.000000
q8510	0.000000	0.000000	0.000000	0.000000
q8511	0.000000	0.000000	0.000000	0.000000
q8512	0.000000	0.000000	0.000000	0.000000
q8515	0.000000	0.000000	0.000000	0.000000
q8517	0.500000	0.500000	0.500000	0.500000
q8518	1.000000	1.000000	1.000000	1.000000
q8519	0.000000	0.000000	0.000000	0.000000
q8520	0.000000	0.000000	0.000000	0.000000
q8526	1.000000	1.000000	1.000000	1.000000
q8528	0.000000	0.000000	0.000000	0.000000
q8531	0.000000	0.000000	0.000000	0.000000
q8535	0.000000	0.000000	0.000000	0.000000
q8543	0.000000	0.000000	0.000000	0.000000
q8544	0.000000	0.000000	0.000000	0.000000
q8545	0.000000	0.000000	0.000000	0.000000
q8549	0.630930	0.630930	0.630930	0.630930
q8551	0.000000	0.000000	0.000000	0.000000
q8552	0.000000	0.000000	0.000000	0.000000
q8554	0.000000	0.000000	0.000000	0.000000
q8555	0.000000	0.000000	0.000000	0.000000
q8560	0.356207	0.356207	0.356207	0.356207
q8561	0.000000	0.000000	0.000000	0.000000
q8565	0.000000	0.000000	0.000000	0.000000
q8570	0.000000	0.000000	0.000000	0.000000
q8571	0.000000	0.000000	0.000000	0.000000
q8572	0.000000	0.000000	0.000000	0.000000
q8575	0.301030	0.301030	0.301030	0.301030
q8576	0.000000	0.000000	0.000000	0.000000
q8578	0.000000	0.000000	0.000000	0.000000
q8579	1.000000	1.000000	1.000000	1.000000
q8580	0.000000	0.000000	0.000000	0.000000
q8582	0.000000	0.000000	0.000000	0.000000
q8583	0.000000	0.000000	0.000000	0.000000
q8586	0.000000	0.000000	0.000000	0.000000
q8587	0.000000	0.000000	0.000000	0.000000
q8588	0.000000	0.000000	0.000000	0.000000
q8593	0.630930	0.630930	0.630930	0.630930
q8594	0.000000	0.000000	0.000000	0.000000
q8597	0.000000	0.000000	0.000000	0.000000
q8598	0.430677	0.430677	0.430677	0.430677
q8600	0.000000	0.000000	0.000000	0.000000
q8601	0.000000	0.000000	0.000000	0.000000
q8603	0.386853	0.386853	0.386853	0.386853
q8605	0.000000	0.000000	0.000000	0.000000
q8606	0.000000	0.000000	0.000000	0.000000
q8607	1.000000	1.000000	1.000000	1.000000
q8608	0.000000	0.000000	0.000000	0.000000
q8610	0.315465	0.315465	0.315465	0.315465
q8611	0.000000	0.000000	0.000000	0.000000
q8613	0.000000	0.000000	0.000000	0.000000
q8616	0.000000	0.000000	0.000000	0.000000
q8617	0.000000	0.000000	0.000000	0.000000
q8618	0.000000	0.000000	0.000000	0.000000
q8620	1.000000	1.000000	1.000000	1.000000
q8624	0.000000	0.000000	0.000000	0.000000
q8626	0.000000	0.000000	0.000000	0.000000
q8629	0.386853	0.386853	0.386853	0.386853
q8630	0.000000	0.000000	0.000000	0.000000
q8632	0.000000	0.000000	0.000000	0.000000
q8633	0.000000	0.000000	0.000000	0.000000
q8634	0.000000	0.000000	0.000000	0.000000
q8636	0.000000	0.000000	0.000000	0.000000
q8638	1.000000	1.000000	1.000000	1.000000
q8639	0.000000	0.000000	0.000000	0.000000
q8640	0.000000	0.000000	0.000000	0.000000
q8641	0.000000	0.000000	0.000000	0.000000
q8642	0.301030	0.301030	0.301030	0.301030
q8644	0.630930	0.630930	0.630930	0.630930
q8648	0.000000	0.000000	0.000000	0.000000
q8651	0.000000	0.000000	0.000000	0.000000
q8652	0.000000	0.000000	0.000000	0.000000
q8653	0.000000	0.000000	0.000000	0.000000
q8654	0.000000	0.000000	0.000000	0.000000
q8656	0.000000	0.000000	0.000000	0.000000
q8659	0.315465	0.315465	0.315465	0.315465
q8660	0.000000	0.000000	0.000000	0.000000
q8661	0.000000	0.000000	0.000000	0.000000
q8662	0.000000	0.000000	0.000000	0.000000
q8669	0.000000	0.000000	0.000000	0.000000
q8671	0.000000	0.000000	0.000000	0.000000
q8672	0.000000	0.000000	0.000000	0.000000
q8673	0.000000	0.000000	0.000000	0.000000
q8674	0.000000	0.000000	0.000000	0.000000
q8675	0.000000	0.000000	0.000000	0.000000
q8677	0.000000	0.000000	0.000000	0.000000
q8679	0.000000	0.000000	0.000000	0.000000
q8681	0.000000	0.000000	0.000000	0.000000
q8682	0.000000	0.000000	0.000000	0.000000
q8683	0.000000	0.000000	0.000000	0.000000
q8684	0.000000	0.000000	0.000000	0.000000
q8685	0.000000	0.000000	0.000000	0.000000
q8687	0.000000	0.000000	0.000000	0.000000
q8689	0.000000	0.000000	0.000000	0.000000
q8690	0.000000	0.000000	0.000000	0.000000
q8694	0.000000	0.000000	0.000000	0.000000
q8697	0.430677	0.430677	0.430677	0.430677
q8698	0.000000	0.000000	0.000000	0.000000
q8703	0.000000	0.000000	0.000000	0.000000
q8704	1.000000	1.000000	1.000000	1.000000
q8706	0.430677	0.430677	0.430677	0.430677
q8707	1.000000	1.000000	1.000000	1.000000
q8710	0.000000	0.000000	0.000000	0.000000
q8712	0.500000	0.500000	0.500000	0.500000
q8713	1.000000	1.000000	1.000000	1.000000
q8714	0.000000	0.000000	0.000000	0.000000
q8717	0.000000	0.000000	0.000000	0.000000
q8721	0.000000	0.000000	0.000000	0.000000
q8722	0.000000	0.000000	0.000000	0.000000
q8723	0.000000	0.000000	0.000000	0.000000
q8726	0.000000	0.000000	0.000000	0.000000
q8730	0.000000	0.000000	0.000000	0.000000
q8732	0.000000	0.000000	0.000000	0.000000
q8734	1.000000	1.000000	1.000000	1.000000
q8736	0.000000	0.000000	0.000000	0.000000
q8742	0.000000	0.000000	0.000000	0.000000
q8743	0.333333	0.333333	0.333333	0.333333
q8747	0.000000	0.000000	0.000000	0.000000
q8750	0.000000	0.000000	0.000000	0.000000
q8753	0.000000	0.000000	0.000000	0.000000
q8755	0.000000	0.000000	0.000000	0.000000
q8756	0.000000	0.000000	0.000000	0.000000
q8757	0.000000	0.000000	0.000000	0.000000
q8758	0.000000	0.000000	0.000000	0.000000
q8764	0.356207	0.356207	0.356207	0.356207
q8765	1.000000	1.000000	1.000000	1.000000
