query	bm25	dense	hybrid
q5001		176	375
q5002		316	652
q5003		811	
q5004		756	
q5005	2	25	4
q5006	73		169
q5007	110		242
q5008			
q5009	663	595	611
q5010		231	548
q5011		24	48
q5012	2		11
q5013	635	29	47
q5014	1	1	1
q5015	475		944
q5016	126	82	58
q5017		110	244
q5018	116	141	90
q5019		119	277
q5020	334		714
q5021		38	82
q5022		364	743
q5023	76	31	16
q5024		99	211
q5025	424	17	27
q5026	344	494	368
q5027	2	1	1
q5028		54	127
q5029			
q5030		35	79
q5031	346		711
q5032	219	356	237
q5033	2	1	2
q5034	234		493
q5035		201	432
q5036	393	76	125
q5037		287	610
q5038	53	75	16
q5039	360	611	427
q5040	243	302	232
q5041	1	97	7
q5042		26	59
q5043			
q5044	1	1	1
q5045	73	97	44
q5046	553	440	493
q5047			
q5048		221	453
q5049	197	569	287
q5050	3	1	1
q5051	236	205	176
q5052	17		35
q5053			
q5054			
q5055	32	79	21
q5056		925	
q5057		342	684
q5058	9	48	2
q5059	419	3	6
q5060	800		
q5061	1	4	1
q5062	333	105	136
q5063	1	47	1
q5064			
q5065	136	62	55
q5066		47	96
q5067	547		
q5068	287	241	229
q5069	161		352
q5070	986	791	830
q5071	779		
q5072	585		
q5073	1	233	6
q5074	177	97	73
q5075	6	1	1
q5076	777	107	177
q5077	402		823
q5078		915	
q5079			
q5080	396	1	3
q5081	426	87	131
q5082		89	209
q5083	453	198	232
q5084		268	588
q5085		487	922
q5086			
q5087	1	3	1
q5088		138	282
q5089	557	102	151
q5090		774	
q5091			
q5092	588		
q5093	992		
q5094	438	109	145
q5095			
q5096	414	39	54
q5097			
q5098	292		601
q5099	184		388
q5100	39	14	8
q5101	355		736
q5102	152		348
q5103	769		
q5104		695	
q5105			
q5106			
q5107	32	566	54
q5108	259	35	49
q5109	322	21	40
q5110	17	61	1
q5111		306	601
q5112	19	30	6
q5113	594		
q5114	294	19	21
q5115	799	15	39
q5116	141		325
q5117	105		232
q5118	1	299	6
q5119	41	34	4
q5120	308	934	464
q5121	120	188	104
q5122	735	141	222
q5123	45		96
q5124	146	839	239
q5125	42		89
q5126	55	26	4
q5127	673		
q5128	357		726
q5129			
q5130	829		
q5131		180	381
q5132			
q5133		3	11
q5134	37	46	4
q5135	361	170	200
q5136	241	243	218
q5137	719	98	164
q5138			
q5139	201	2	5
q5140	19	44	19
q5141	82	144	52
q5142	959	171	276
q5143	9	491	12
q5144			
q5145	524	49	77
q5146	1	4	2
q5147			
q5148	92		201
q5149	395		808
q5150	59	404	87
q5151	444	325	346
q5152	577	355	344
q5153		611	
q5154	592	263	374
q5155		636	
q5156	428		837
q5157	116	3	18
q5158			
q5159	465		874
q5160			
q5161			
q5162	444	4	5
q5163			
q5164	32	850	64
q5165	45		114
q5166			
q5167			
q5168		28	74
q5169			
q5170	323	420	320
q5171		9	43
q5172	12	5	6
q5173	636		
q5174	257		549
q5175		35	73
q5176	320	244	254
q5177	315	525	386
q5178		347	739
q5179	439	42	72
q5180	9	25	3
q5181	449	590	454
q5182		38	86
q5183	25	715	50
q5184	542		
q5185			
q5186			
q5187	25	114	3
q5188	882		
q5189	288	180	182
q5190	758	54	99
q5191	18		38
q5192	378	625	463
q5193	351		730
q5194	230	6	10
q5195			
q5196			
q5197	905	228	349
q5198		376	752
q5199			
q5200	188	263	172
q5201	44	1	4
q5202		666	
q5203			
q5204	590		
q5205	586		
q5206			
q5207		945	
q5208	655	725	672
q5209		418	849
q5210	671	280	373
q5211	425	164	215
q5212	601	69	113
q5213	215	271	212
q5214	194	399	220
q5215			
q5216	185	212	152
q5217			
q5218			
q5219			
q5220	3	24	5
q5221	691	99	164
q5222	536	490	498
q5223		336	690
q5224	87		203
q5225		64	146
q5226		536	
q5227			
q5228	504		951
q5229	9	145	11
q5230	489		979
q5231		41	109
q5232			
q5233	167	441	226
q5234	1	241	33
q5235			
q5236	512	49	68
q5237	1	1	1
q5238	745	314	448
q5239	814	463	573
q5240		185	425
q5241			
q5242	10	1	1
q5243		250	511
q5244	53	739	107
q5245			
q5246		140	334
q5247		402	812
q5248			
q5249	186	110	92
q5250	9	26	1
q5251	199		438
q5252	201	281	197
q5253		198	459
q5254			
q5255	276	259	221
q5256	173	893	299
q5257	15	29	11
q5258	7	149	6
q5259	1	7	2
q5260	671	743	676
q5261	147	89	72
q5262			
q5263	127	48	40
q5264		609	
q5265		345	704
q5266	15		41
q5267	306	186	193
q5268	328		681
q5269	38	139	27
q5270			
q5271	555	21	33
q5272	153	1	1
q5273	118	388	160
q5274			
q5275			
q5276			
q5277	1	13	2
q5278	143	201	124
q5279	261	132	141
q5280	65	467	95
q5281	131	597	197
q5282			
q5283	622		
q5284	12	2	1
q5285	115		244
q5286	295		640
q5287			
q5288			
q5289			
q5290	1	138	4
q5291			
q5292	244	821	344
q5293	392	845	487
q5294	653	181	270
q5295	327	52	55
q5296			
q5297	215		441
q5298	424	306	356
q5299	272	600	345
q5300	1	1	1
q5301		377	749
q5302	35		82
q5303			
q5304	49	18	9
q5305			
q5306	315	805	427
q5307	41	207	58
q5308		74	164
q5309	110		257
q5310	683	31	64
q5311			
q5312	4	9	3
q5313		420	824
q5314			
q5315		433	870
q5316			
q5317			
q5318	651	44	87
q5319		267	493
q5320	64	13	9
q5321	239		502
q5322	10	40	2
q5323	100	47	29
q5324			
q5325		333	725
q5326	732	661	642
q5327	421	497	379
q5328			
q5329			
q5330			
q5331	367		753
q5332	23	44	10
q5333	21	20	13
q5334		167	361
q5335	154	812	237
q5336		3	19
q5337	373	548	422
q5338	647	924	695
q5339	74	312	96
q5340	109	20	7
q5341		629	
q5342	71	6	15
q5343	575		
q5344	25	3	1
q5345	4	3	3
q5346		372	700
q5347	563	68	117
q5348	250	152	145
q5349	565		
q5350	499		976
q5351			
q5352			
q5353		294	618
q5354	8		24
q5355	112	54	38
q5356	73	385	102
q5357	479		936
q5358	1	132	8
q5359	42		108
q5360	91	73	32
q5361	801		
q5362	187	667	260
q5363			
q5364		545	
q5365	330		687
q5366	210		455
q5367			
q5368	533	412	409
q5369	16	91	17
q5370	867		
q5371	181	249	181
q5372			
q5373	414	7	11
q5374			
q5375		355	743
q5376	122	24	44
q5377	259	367	276
q5378		782	
q5379	631		
q5380	183		384
q5381			
q5382	142	116	98
q5383			
q5384	138	306	144
q5385		709	
q5386	95	182	77
q5387			
q5388			
q5389	82	202	82
q5390			
q5391	145	107	94
q5392	181	63	62
q5393		359	723
q5394	294	31	41
q5395	366	365	354
q5396	190	64	69
q5397		996	
q5398			
q5399	548		
q5400	70	52	16
q5401	744	5	11
q5402	818	11	22
q5403	307	527	360
q5404	75		162
q5405	209	310	215
q5406		28	74
q5407			
q5408	206	271	200
q5409			
q5410	3	28	3
q5411	378		731
q5412	181		392
q5413			
q5414	486	612	517
q5415	604	792	655
q5416			
q5417	310	82	103
q5418			
q5419	454		873
q5420		177	370
q5421		1	32
q5422	118		276
q5423	45		105
q5424	342	788	470
q5425		19	71
q5426	626	144	226
q5427	454	364	366
q5428		287	609
q5429	69		151
q5430	711	22	57
q5431			
q5432		678	
q5433		329	676
q5434	764		
q5435	12	19	2
q5436	683	69	119
q5437			
q5438			
q5439			
q5440	642	255	329
q5441	103	10	19
q5442	690	189	282
q5443	741		
q5444			
q5445			
q5446		87	189
q5447	962		
q5448	343	108	138
q5449	120	16	6
q5450		365	735
q5451		182	406
q5452	737	257	373
q5453	5	33	1
q5454	821		
q5455		160	351
q5456	41	888	95
q5457	3	1	1
q5458	312	105	137
q5459	107	83	55
q5460			
q5461		464	898
q5462			
q5463		871	
q5464		1	5
q5465	38	6	3
q5466	620	45	90
q5467	166	305	171
q5468	637	981	692
q5469	359	22	27
q5470	17	45	2
q5471	3	1	1
q5472		386	797
q5473	299	417	300
q5474	555	20	51
q5475	341	530	381
q5476	562	203	266
q5477	674	59	109
q5478	5	116	24
q5479	825	30	61
q5480	450	319	351
q5481		1	16
q5482		690	
q5483			
q5484			
q5485		358	771
q5486	181	291	202
q5487		12	39
q5488	601	11	23
q5489			
q5490			
q5491			
q5492		336	688
q5493	2		20
q5494			
q5495	244		513
q5496	607	387	471
q5497	168	278	178
q5498			
q5499	514		
q5500	265	33	52
q5501	173		329
q5502		110	242
q5503	396	361	337
q5504			
q5505	1	46	2
q5506	800	664	709
q5507	469		934
q5508			
q5509		150	327
q5510	468	919	587
q5511	401		834
q5512	344	73	109
q5513	18	7	2
q5514	1	210	11
q5515	384		791
q5516		438	893
q5517	279	323	261
q5518	115		209
q5519	838	7	19
q5520	455		889
q5521			
q5522	51		113
q5523			
q5524		149	289
q5525			
q5526			
q5527	25	189	19
q5528	66		165
q5529	337	33	50
q5530			
q5531	14		49
q5532		98	209
q5533			
q5534		350	704
q5535	221	239	199
q5536	728		
q5537			
q5538			
q5539	738	76	132
q5540			
q5541	98	7	9
q5542			
q5543	424	217	243
q5544			
q5545	291		570
q5546		7	37
q5547	255	257	214
q5548			
q5549	33		75
q5550			
q5551	8	74	5
q5552			
q5553	101		246
q5554			
q5555	680		
q5556		37	93
q5557	571	544	551
q5558			
q5559		311	655
q5560	3	223	12
q5561	1	1	1
q5562		613	
q5563	1	1	1
q5564	31	38	6
q5565	133		273
q5566	506		956
q5567	24	218	22
q5568		185	380
q5569			
q5570			
q5571	1	3	1
q5572			
q5573			
q5574			
q5575		123	294
q5576			
q5577			
q5578	362	76	95
q5579	907		
q5580	56		123
q5581	17	474	36
q5582	84	181	101
q5583		16	47
q5584	975		
q5585			
q5586	562		
q5587			
q5588	157		357
q5589	463	42	68
q5590	539	397	417
q5591			
q5592	419		847
q5593			
q5594	344	6	11
q5595			
q5596		139	283
q5597	5	5	4
q5598			
q5599	7	2	1
q5600	307	37	59
q5601			
q5602	2	1	1
q5603	9	11	1
q5604			
q5605			
q5606	1	35	3
q5607	63	6	5
q5608			
q5609			
q5610	544	414	452
q5611	1	110	6
q5612	637		
q5613	374	159	202
q5614	616	757	631
q5615	18	25	5
q5616			
q5617	162	737	233
q5618		57	120
q5619	670		
q5620	448		877
q5621		432	881
q5622	2	237	8
q5623		216	481
q5624			
q5625		826	
q5626		195	383
q5627		621	
q5628		796	
q5629	735		
q5630	746		
q5631	30	13	8
q5632	207		457
q5633			
q5634	594	28	54
q5635	4	41	6
q5636	781		
q5637			
q5638	571	347	392
q5639			
q5640			
q5641		900	
q5642	64	18	24
q5643	483		939
q5644	53	63	7
q5645	5	72	2
q5646		510	975
q5647			
q5648	1	1	1
q5649	123	576	200
q5650	869		
q5651	89	13	9
q5652	568	43	66
q5653	27	10	5
q5654			
q5655			
q5656	34	366	53
q5657	1	2	1
q5658	303	905	444
q5659	3	183	7
q5660	301	4	10
q5661	611	137	207
q5662			
q5663	165	92	79
q5664	92		202
q5665			
q5666	605		
q5667		261	536
q5668			
q5669			
q5670	390	192	235
q5671		247	519
q5672		76	154
q5673	436		783
q5674	392	447	389
q5675	1	27	3
q5676	244		522
q5677		60	128
q5678	19	198	21
q5679	1	76	1
q5680	166		358
q5681			
q5682		495	
q5683			
q5684		676	
q5685	219		481
q5686	639	143	227
q5687	114	542	176
q5688	666	56	99
q5689			
q5690			
q5691	3	666	9
q5692	806	515	608
q5693			
q5694			
q5695	585		
q5696			
q5697			
q5698		49	115
q5699	782		
q5700	5		23
q5701		389	806
q5702	1	49	3
q5703	1	8	2
q5704	574	117	172
q5705			
q5706	13		38
q5707	534	116	168
q5708	34		80
q5709	403	7	19
q5710			
q5711	448		857
q5712		293	660
q5713	135		302
q5714			
q5715			
q5716	80	930	140
q5717			
q5718	1	388	7
q5719		398	774
q5720		7	31
q5721	204	114	103
q5722	291		607
q5723	293	380	278
q5724	18		41
q5725			
q5726	6	8	2
q5727	667		
q5728			
q5729			
q5730	205		412
q5731	63	121	33
q5732	167	5	4
q5733			
q5734	122		269
q5735			
q5736	131	1	2
q5737	706	45	75
q5738			
q5739	593	114	182
q5740	42	940	94
q5741			
q5742		713	
q5743	716		
q5744			
q5745	93		205
q5746		2	10
q5747	760	798	760
q5748	4	3	1
q5749			
q5750			
q5751	712		
q5752	6	10	2
q5753			
q5754	418	30	49
q5755	537		
q5756			
q5757		388	790
q5758	830	65	107
q5759			
q5760	3	1	1
q5761	2	1	1
q5762	755	759	719
q5763	4	1	1
q5764			
q5765	181	417	231
q5766	72	13	6
q5767	59	786	117
q5768	298	522	342
q5769	612		
q5770	485	1	12
q5771			
q5772	162	14	4
q5773			
q5774	595		
q5775	80	614	130
q5776	281	860	411
q5777	150		321
q5778			
q5779	499		981
q5780			
q5781			
q5782	965	733	749
q5783			
q5784			
q5785	734		
q5786	86	103	36
q5787	9	106	10
q5788	839	13	43
q5789			
q5790		725	
q5791	454		921
q5792		630	
q5793	212		426
q5794	95	695	154
q5795		577	
q5796	270	34	43
q5797	482	868	610
q5798	45		129
q5799	75	170	56
q5800			
q5801	102	6	3
q5802			
q5803			
q5804	43	42	2
q5805	69	21	13
q5806	348	474	366
q5807	647	7	5
q5808			
q5809		677	
q5810	52	182	48
q5811	848	59	104
q5812		643	
q5813		87	190
q5814		31	73
q5815			
q5816		8	24
q5817		164	344
q5818		679	
q5819	684	785	695
q5820	958	3	9
q5821			
q5822	20	239	16
q5823	68	178	59
q5824	156	18	6
q5825			
q5826	520	206	264
q5827	844	3	13
q5828	704	122	193
q5829		33	71
q5830			
q5831			
q5832			
q5833	5	57	9
q5834	17		72
q5835	324		658
q5836	317	850	452
q5837	1	123	6
q5838	493	928	622
q5839		24	61
q5840			
q5841	528	77	109
q5842	163	588	235
q5843		116	220
q5844	22	27	4
q5845		158	340
q5846	90	1	2
q5847	642		
q5848		56	105
q5849			
q5850	231	841	341
q5851		546	
q5852		237	499
q5853		253	553
q5854	496	455	422
q5855	546		
q5856	44	93	44
q5857	716	263	377
q5858			
q5859			
q5860		953	
q5861	354	178	202
q5862	33	52	12
q5863			
q5864	920	63	128
q5865	360	515	386
q5866	390	494	451
q5867	317	277	277
q5868			
q5869		1	13
q5870	111		228
q5871			
q5872	425	110	153
q5873			
q5874		204	431
q5875			
q5876			
q5877		435	850
q5878		86	199
q5879	53	884	88
q5880			
q5881			
q5882			
q5883	398	851	528
q5884		646	
q5885		688	
q5886	306	207	211
q5887		680	
q5888	205	482	276
q5889			
q5890	610	454	553
q5891	877		
q5892	287	421	311
q5893	171	369	222
q5894	22	106	20
q5895	194	744	303
q5896	403		818
q5897	162	278	172
q5898	212		478
q5899	745		
q5900	32	4	8
q5901		120	268
q5902	872		
q5903		676	
q5904		241	495
q5905		615	
q5906			
q5907	405	27	34
q5908	491	784	565
q5909	589		
q5910	143	1	4
q5911	862	47	77
q5912	1	6	1
q5913	509	663	556
q5914			
q5915	952	74	129
q5916	1	2	1
q5917			
q5918	145	257	148
q5919	1	36	8
q5920		817	
q5921			
q5922	1	1	1
q5923			
q5924	820	822	771
q5925			
q5926	885		
q5927			
q5928		9	26
q5929			
q5930	795		
q5931	317	39	47
q5932	38	81	36
q5933	72	49	27
q5934		529	959
q5935	401		785
q5936	3	324	16
q5937	59	21	8
q5938	24	3	1
q5939		991	
q5940	2	1	2
q5941			
q5942	21	5	4
q5943	193		406
q5944	902	25	54
q5945		195	429
q5946	923	40	81
q5947	2	589	17
q5948			
q5949	43	3	4
q5950	993		
q5951			
q5952	321	1	8
q5953	100	352	127
q5954	782	567	621
q5955			
q5956	439	5	7
q5957	211		451
q5958	26	227	33
q5959	358	94	129
q5960	267	52	84
q5961		394	801
q5962	54		125
q5963	60	4	11
q5964	574	439	483
q5965	59		143
q5966			
q5967			
q5968			
q5969	43	55	6
q5970	96		207
q5971	991		
q5972	637	588	584
q5973	162	85	71
q5974	28	178	19
q5975			
q5976			
q5977	204		440
q5978	483		949
q5979	464	523	464
q5980	340	581	418
q5981	159	76	70
q5982	442	68	90
q5983			
q5984	437		835
q5985	243	66	94
q5986			
q5987	5	96	4
q5988	806		
q5989		848	
q5990			
q5991	16	637	40
q5992	6	1	1
q5993		18	59
q5994			
q5995	1	3	1
q5996			
q5997	120	1	3
q5998	546	21	32
q5999			
q6000	540	363	412
q6001	648		
q6002			
q6003	287		594
q6004	325		708
q6005	704		
q6006	200	75	63
q6007	630		
q6008	612	242	339
q6009	63	19	8
q6010			
q6011	851		
q6012			
q6013	715		
q6014			
q6015	27	179	28
q6016			
q6017			
q6018			
q6019			
q6020	222	308	208
q6021	29		70
q6022	383		777
q6023	123	878	209
q6024	567		
q6025	981		
q6026	8	14	2
q6027	305		637
q6028		187	386
q6029	438	967	569
q6030		249	548
q6031	30	24	4
q6032			
q6033			
q6034		949	
q6035	51	106	23
q6036		94	197
q6037	1	2	2
q6038			
q6039		844	
q6040	710		
q6041			
q6042	101	1	2
q6043	136	209	132
q6044			
q6045			
q6046			
q6047	90		199
q6048	859		
q6049			
q6050	432	447	377
q6051	67	45	7
q6052			
q6053		977	
q6054			
q6055	743		
q6056	588	403	479
q6057	463	647	488
q6058		443	868
q6059	618		
q6060	353	1	16
q6061			
q6062	222	989	346
q6063	227		477
q6064	173	182	147
q6065	6	2	1
q6066		141	315
q6067	888	18	29
q6068		219	453
q6069			
q6070			
q6071			
q6072	152		328
q6073		784	
q6074	183	127	103
q6075			
q6076			
q6077	356	124	149
q6078	80	725	143
q6079			
q6080			
q6081	821		
q6082	65	6	2
q6083		738	
q6084			
q6085	423		824
q6086		350	696
q6087	89	189	81
q6088	5	317	20
q6089	13		47
q6090		656	
q6091			
q6092			
q6093		403	850
q6094	243		492
q6095			
q6096	676	20	37
q6097			
q6098		36	76
q6099		712	
q6100	456		764
q6101			
q6102		96	219
q6103			
q6104	256	2	15
q6105	115		254
q6106	130		295
q6107			
q6108	20	17	4
q6109		786	
q6110	837	152	262
q6111			
q6112	240	2	1
q6113			
q6114	175	908	286
q6115	3	89	3
q6116	919		
q6117	62		145
q6118			
q6119	59	2	6
q6120	183	92	101
q6121			
q6122		522	986
q6123		185	393
q6124		345	620
q6125			
q6126		742	
q6127	71	606	123
q6128	11	25	8
q6129	55	20	1
q6130	741		
q6131	457		919
q6132	8	29	2
q6133	1	86	11
q6134	897	29	73
q6135	776	891	803
q6136			
q6137	30	25	16
q6138	140		309
q6139	508		974
q6140	6	1	1
q6141	666	405	471
q6142	204	492	287
q6143	715		
q6144	85		186
q6145	140	176	130
q6146			
q6147	150	43	40
q6148			
q6149			
q6150	26		68
q6151	9	252	9
q6152			
q6153	562	463	455
q6154	381	227	264
q6155	318	17	12
q6156		186	401
q6157	8	154	11
q6158		634	
q6159	194		410
q6160	416	377	311
q6161	1	362	7
q6162		972	
q6163	5	87	9
q6164	2	1	1
q6165			
q6166	75	67	33
q6167	139	71	66
q6168	323		668
q6169	405		832
q6170	572	305	321
q6171	140	550	212
q6172	63	505	91
q6173	663	29	63
q6174	930	419	548
q6175	805		
q6176	316	97	119
q6177		678	
q6178	29	8	1
q6179	9	35	3
q6180	513		
q6181			
q6182	2	2	1
q6183	542		
q6184			
q6185	431		848
q6186	988	11	31
q6187	713	15	36
q6188	54	55	31
q6189		658	
q6190			
q6191		274	566
q6192	1	2	1
q6193		87	206
q6194			
q6195	12		45
q6196			
q6197	797	260	389
q6198	686	569	595
q6199		518	
q6200			
q6201			
q6202	18	3	1
q6203			
q6204	307	57	81
q6205	92	44	23
q6206	2		26
q6207			
q6208	1	13	2
q6209			
q6210		14	32
q6211			
q6212			
q6213	24	36	4
q6214	11		31
q6215	371	587	412
q6216			
q6217	211	29	33
q6218			
q6219			
q6220			
q6221			
q6222	241		537
q6223			
q6224	728		
q6225		207	465
q6226	379		788
q6227		4	19
q6228	189	82	79
q6229			
q6230	952		
q6231		85	172
q6232	389	300	306
q6233	143	312	181
q6234	20	3	3
q6235	70	624	109
q6236	560	131	211
q6237	1	1	1
q6238	134		281
q6239		859	
q6240			
q6241	468	916	596
q6242			
q6243			
q6244			
q6245	508	121	161
q6246		925	
q6247	4	10	1
q6248	72	391	111
q6249		62	140
q6250			
q6251		761	
q6252		388	782
q6253	37	247	47
q6254		889	
q6255	29	10	5
q6256			
q6257			
q6258	234	143	142
q6259			
q6260	509	707	559
q6261		73	156
q6262			
q6263	259		528
q6264	256	302	235
q6265	646		
q6266		532	986
q6267	247		503
q6268			
q6269	61	32	6
q6270			
q6271			
q6272	510	13	28
q6273	309	287	286
q6274	85	475	128
q6275	600		
q6276		654	
q6277	1	46	2
q6278	703	478	494
q6279		814	
q6280			
q6281	1	212	11
q6282			
q6283	404		810
q6284		131	279
q6285			
q6286		385	788
q6287	447		890
q6288		432	837
q6289			
q6290			
q6291			
q6292	678		
q6293	242	175	155
q6294			
q6295			
q6296	171	308	187
q6297		129	246
q6298			
q6299		112	234
q6300	272	922	412
q6301		35	85
q6302	1	1	1
q6303	303	728	381
q6304	32		87
q6305	803	470	553
q6306	872	17	32
q6307		13	41
q6308	1		24
q6309	434		873
q6310			
q6311		792	
q6312			
q6313	440		912
q6314	76	725	122
q6315			
q6316	2	1	1
q6317	361	836	482
q6318	611	274	398
q6319	268		562
q6320	227	220	184
q6321		222	464
q6322	41	102	17
q6323			
q6324	760	92	149
q6325			
q6326			
q6327			
q6328	316	631	392
q6329	232	116	124
q6330			
q6331	55	109	28
q6332		512	974
q6333		101	208
q6334			
q6335	754	168	271
q6336		950	
q6337	338		705
q6338			
q6339		484	930
q6340	396	893	532
q6341			
q6342	197	217	177
q6343	5	567	13
q6344	113	625	177
q6345		41	87
q6346		178	380
q6347			
q6348	1	1	1
q6349	696		
q6350	10	960	17
q6351		471	876
q6352	526		996
q6353	245	485	297
q6354	122		260
q6355	521	274	328
q6356	133	36	30
q6357		43	110
q6358			
q6359			
q6360			
q6361	1	1	1
q6362			
q6363		730	
q6364	26		61
q6365		907	
q6366	206	85	111
q6367			
q6368	444	838	551
q6369		323	669
q6370		28	66
q6371	1	1	1
q6372	362	81	94
q6373	295	565	355
q6374	868	57	115
q6375	23	195	32
q6376			
q6377			
q6378	673		
q6379	390	457	385
q6380		376	751
q6381	68	509	114
q6382	224	390	254
q6383	315		595
q6384	64	188	56
q6385		326	674
q6386		116	270
q6387			
q6388	96		207
q6389			
q6390	380		781
q6391		172	373
q6392	109	331	133
q6393	168	516	248
q6394			
q6395	174	349	213
q6396	321	291	254
q6397	397	357	339
q6398	361		784
q6399			
q6400	8		27
q6401	989	185	321
q6402	45	147	76
q6403		551	
q6404			
q6405			
q6406	665	229	317
q6407	134	63	38
q6408		233	452
q6409	1	2	1
q6410		277	577
q6411		50	131
q6412	870	469	581
q6413	461		914
q6414	356	23	38
q6415	1		24
q6416	47		116
q6417	488	473	436
q6418	51	4	1
q6419	786	475	566
q6420	160	884	240
q6421			
q6422	38		93
q6423	559		
q6424	179	931	296
q6425	45	2	6
q6426	875		
q6427	121	453	174
q6428	260	87	100
q6429	1	712	27
q6430	469		910
q6431	57		148
q6432			
q6433			
q6434			
q6435	96	847	182
q6436		139	291
q6437			
q6438	214	48	45
q6439	656		
q6440	245		547
q6441		776	
q6442			
q6443	1	1	1
q6444	6	29	3
q6445	504	745	597
q6446			
q6447	286		609
q6448		252	520
q6449	53	134	33
q6450		511	974
q6451		133	293
q6452	849	314	431
q6453	55		130
q6454			
q6455	500	15	38
q6456			
q6457	53	108	44
q6458		404	791
q6459		794	
q6460	1	1	1
q6461			
q6462	152	266	162
q6463	408	86	106
q6464	106		247
q6465	375	14	23
q6466			
q6467	379	174	199
q6468			
q6469	21	5	4
q6470	908		
q6471			
q6472	17	317	31
q6473	204	118	117
q6474	323		642
q6475	197	207	154
q6476	26	57	8
q6477			
q6478		4	25
q6479			
q6480	527		1000
q6481			
q6482	120	26	17
q6483	41	2	1
q6484	613	886	717
q6485	305	64	92
q6486			
q6487			
q6488	173	243	171
q6489	263		559
q6490	49	8	1
q6491			
q6492	24	5	4
q6493			
q6494	267	572	351
q6495	175		380
q6496			
q6497	1	4	1
q6498			
q6499	1	2	1
q6500	10	1	1
q6501	56		115
q6502	239		515
q6503		799	
q6504	892		
q6505	212	57	53
q6506	1	16	1
q6507	249	816	357
q6508	3	15	2
q6509			
q6510			
q6511	184		404
q6512	646	358	452
q6513	237	15	8
q6514	484		958
q6515	550		
q6516	470	2	12
q6517			
q6518			
q6519		9	31
q6520	72	628	120
q6521	1	74	4
q6522	582		
q6523			
q6524	1	3	1
q6525			
q6526	2	2	2
q6527			
q6528	89	438	133
q6529			
q6530	1	5	1
q6531			
q6532	925		
q6533			
q6534	89	167	84
q6535			
q6536	49	898	85
q6537		787	
q6538	111	241	121
q6539			
q6540			
q6541	6	1	1
q6542	6	1	1
q6543	823		
q6544	471	925	589
q6545		377	745
q6546			
q6547		109	236
q6548	3	3	1
q6549			
q6550	377	340	348
q6551			
q6552		728	
q6553			
q6554	619		
q6555	1	4	1
q6556	781		
q6557	658		
q6558	62	193	60
q6559	121	160	101
q6560	565	481	499
q6561	94	26	15
q6562	496	151	224
q6563	165	39	37
q6564	121		238
q6565			
q6566		158	357
q6567	33	543	60
q6568		12	36
q6569	442		879
q6570	606	683	618
q6571	59	142	36
q6572	989		
q6573	229	35	48
q6574	2	21	3
q6575	1	1	1
q6576	2	1	1
q6577			
q6578	1	2	1
q6579			
q6580			
q6581	61		140
q6582			
q6583	330	597	419
q6584	31	44	9
q6585	899		
q6586	365	129	158
q6587		541	
q6588	132	292	142
q6589			
q6590		159	354
q6591			
q6592			
q6593	1	2	1
q6594		21	49
q6595	1	1	1
q6596	1	8	1
q6597	404	984	548
q6598			
q6599			
q6600	286	906	409
q6601	49	73	6
q6602		858	
q6603			
q6604	78		172
q6605		393	813
q6606	1	27	2
q6607			
q6608		70	165
q6609		91	187
q6610			
q6611		986	
q6612	6	144	12
q6613	830	258	383
q6614			
q6615	209	492	262
q6616			
q6617			
q6618			
q6619	1	2	1
q6620	1	13	1
q6621			
q6622	74	20	7
q6623	669	334	436
q6624			
q6625			
q6626			
q6627	77	482	124
q6628			
q6629	476	597	495
q6630			
q6631	1	17	2
q6632	2	43	2
q6633			
q6634	905	6	30
q6635	200	82	70
q6636			
q6637	497	935	619
q6638	7	34	4
q6639		522	
q6640			
q6641	936	993	875
q6642	1	1	1
q6643	725		
q6644		292	605
q6645		979	
q6646			
q6647		775	
q6648	344		706
q6649	410	712	513
q6650	28	10	2
q6651		737	
q6652	295	516	364
q6653	1	1	1
q6654	3	15	1
q6655		1	17
q6656	491	413	427
q6657	456		837
q6658	828		
q6659			
q6660			
q6661	803	178	263
q6662			
q6663			
q6664		52	122
q6665	1	87	2
q6666	4	476	25
q6667			
q6668	2	406	6
q6669	305	169	174
q6670	1	142	3
q6671	248		499
q6672			
q6673			
q6674		10	30
q6675			
q6676	5	3	3
q6677	389		703
q6678	56		137
q6679			
q6680		755	
q6681	239	2	8
q6682			
q6683	942	592	708
q6684			
q6685	11		31
q6686	546		967
q6687	3	9	5
q6688			
q6689			
q6690	11		33
q6691			
q6692			
q6693		13	36
q6694		698	
q6695	1	87	2
q6696			
q6697	559		
q6698	7	1	1
q6699			
q6700			
q6701			
q6702			
q6703	229	72	78
q6704	675		
q6705	608	49	83
q6706			
q6707		221	470
q6708			
q6709	63	87	25
q6710	26	2	6
q6711	408		850
q6712		73	173
q6713	1		14
q6714	57		134
q6715		953	
q6716	146	81	63
q6717	2		31
q6718	230	599	315
q6719	451		958
q6720	71	1	2
q6721	533		984
q6722	879		
q6723			
q6724			
q6725		153	322
q6726	318		658
q6727	433	107	155
q6728	163		307
q6729		498	852
q6730	539	565	529
q6731	972	344	462
q6732		246	558
q6733	270		540
q6734	96	1	1
q6735			
q6736	433	991	612
q6737	698	485	564
q6738		283	588
q6739	964	37	89
q6740	541		
q6741	235	178	158
q6742	238	109	104
q6743	776	778	708
q6744	28	127	2
q6745	505		977
q6746			
q6747	47	84	63
q6748		876	
q6749	564	282	339
q6750	11	31	2
q6751	376	1	15
q6752			
q6753	681		
q6754	39	37	15
q6755	155	61	50
q6756	816		
q6757	20	10	7
q6758	306		614
q6759			
q6760	942		
q6761			
q6762			
q6763	50		126
q6764	355	8	31
q6765	575		
q6766	461		919
q6767			
q6768			
q6769	431		851
q6770		604	
q6771	169		359
q6772		495	965
q6773			
q6774			
q6775	322	222	267
q6776	748	343	472
q6777	781		
q6778			
q6779			
q6780		6	31
q6781	137	635	222
q6782	138		292
q6783	375		771
q6784	161		350
q6785	54	191	54
q6786			
q6787	84		180
q6788		245	533
q6789		418	763
q6790	108	609	167
q6791			
q6792			
q6793	1	90	4
q6794	326	207	223
q6795			
q6796	921		
q6797	440	61	97
q6798	396		799
q6799		4	15
q6800	679	425	483
q6801	227	953	369
q6802	613	635	598
q6803		447	891
q6804	808		
q6805	108	7	3
q6806			
q6807		18	56
q6808			
q6809	678		
q6810	33		90
q6811		887	
q6812	72	207	66
q6813			
q6814	2	1	1
q6815	3	85	2
q6816	924		
q6817			
q6818		856	
q6819	161	410	193
q6820	887		
q6821			
q6822			
q6823			
q6824		539	
q6825	180		405
q6826	293		595
q6827		474	938
q6828			
q6829	757		
q6830	34	1	2
q6831	236	372	241
q6832	92		191
q6833			
q6834		114	242
q6835		84	201
q6836		292	628
q6837		366	736
q6838			
q6839	325		609
q6840	258		558
q6841	449	586	477
q6842		810	
q6843	931	37	61
q6844			
q6845		156	343
q6846	754	56	96
q6847			
q6848		371	735
q6849			
q6850	712	1	7
q6851			
q6852			
q6853			
q6854		42	104
q6855			
q6856	969		
q6857			
q6858			
q6859			
q6860	720		
q6861		589	
q6862	2	8	2
q6863			
q6864	328		693
q6865	348		753
q6866	4	3	2
q6867			
q6868			
q6869			
q6870			
q6871	337	777	456
q6872	424		870
q6873	760		
q6874			
q6875		68	147
q6876	35	1	3
q6877	157		369
q6878	302	121	140
q6879			
q6880			
q6881			
q6882	685	99	151
q6883	106	46	26
q6884		1	12
q6885	4	1	2
q6886			
q6887		100	222
q6888		145	300
q6889	1	132	6
q6890	28	16	3
q6891		1	15
q6892	851	393	492
q6893	821		
q6894		1	18
q6895	79	600	125
q6896	171	20	13
q6897			
q6898			
q6899	1	1	1
q6900	124		280
q6901			
q6902			
q6903	112	303	156
q6904			
q6905	7	22	3
q6906	172	132	118
q6907			
q6908	160	137	106
q6909		713	
q6910	909		
q6911		39	84
q6912		592	
q6913	505		983
q6914		801	
q6915	128		296
q6916	684	741	683
q6917	487		952
q6918			
q6919	96	56	32
q6920		679	
q6921	181	5	8
q6922	201	273	201
q6923	761		
q6924			
q6925		19	60
q6926	971	72	135
q6927	328	711	429
q6928		958	
q6929	425	166	219
q6930	537		
q6931			
q6932			
q6933	1	1	1
q6934	508	475	476
q6935	792	961	794
q6936	720	184	287
q6937	573		
q6938			
q6939	612	198	287
q6940		515	999
q6941	562		
q6942	3		10
q6943	589		
q6944	1	2	1
q6945	1	709	11
q6946			
q6947			
q6948	78		176
q6949		139	304
q6950		79	167
q6951			
q6952	586	491	486
q6953	45		103
q6954			
q6955		20	54
q6956			
q6957	77	951	133
q6958	636		
q6959	67	469	87
q6960	3	15	3
q6961		427	843
q6962	468		922
q6963		465	912
q6964		436	814
q6965	331	103	127
q6966		740	
q6967	110	21	30
q6968	1	12	2
q6969			
q6970	225	304	227
q6971	64	916	129
q6972	776	339	447
q6973	366	99	127
q6974	535		
q6975	242	487	311
q6976			
q6977	137	197	134
q6978	71	11	3
q6979	320	141	180
q6980			
q6981	290	461	312
q6982	457	834	504
q6983	165	69	57
q6984			
q6985	326	25	33
q6986	165	430	214
q6987	96	151	81
q6988		321	658
q6989		615	
q6990	106	26	10
q6991	1	9	1
q6992			
q6993			
q6994	14	14	2
q6995	460	966	601
q6996	7		40
q6997		70	169
q6998			
q6999		73	162
q7000			
q7001	279	72	84
q7002	606	734	644
q7003	354	34	59
q7004		200	413
q7005			
q7006		334	683
q7007	559	929	638
q7008			
q7009			
q7010			
q7011			
q7012	357		734
q7013	999	200	316
q7014	883		
q7015			
q7016	230		458
q7017	1	1	1
q7018			
q7019	200	478	263
q7020	54		122
q7021			
q7022	240		536
q7023	742	542	585
q7024	5		38
q7025			
q7026	768		
q7027			
q7028			
q7029		564	
q7030		335	609
q7031			
q7032		313	684
q7033	93		214
q7034	170	133	109
q7035			
q7036	552		
q7037		135	300
q7038			
q7039		423	871
q7040			
q7041	276	209	189
q7042			
q7043	4		20
q7044	439		855
q7045			
q7046	30	8	3
q7047			
q7048	81		191
q7049	543		
q7050	16	888	43
q7051	3	90	3
q7052	505	179	248
q7053	185		402
q7054	89	20	2
q7055	613		
q7056	5	2	1
q7057			
q7058			
q7059		255	515
q7060			
q7061	167	4	4
q7062		97	222
q7063			
q7064	50	12	5
q7065		26	58
q7066			
q7067	12	29	7
q7068	288		598
q7069	3	50	2
q7070		342	690
q7071			
q7072	905		
q7073		94	219
q7074		20	46
q7075			
q7076		285	604
q7077	16	66	10
q7078	792	241	349
q7079		109	241
q7080			
q7081	5	2	1
q7082		148	321
q7083	53	146	43
q7084	2	258	5
q7085			
q7086		449	921
q7087	503		913
q7088	131	1	2
q7089	788		
q7090	948	71	125
q7091	334		696
q7092			
q7093	374	116	145
q7094			
q7095	345		708
q7096			
q7097		273	561
q7098			
q7099	8	49	13
q7100	130	413	167
q7101			
q7102		563	
q7103			
q7104			
q7105	86	20	12
q7106			
q7107			
q7108	14		46
q7109	596	119	183
q7110			
q7111	239	905	354
q7112	89	187	79
q7113	232		510
q7114	6	46	12
q7115			
q7116		58	120
q7117	135	223	138
q7118	128		291
q7119	12	371	18
q7120	187		407
q7121	66		153
q7122	146	329	182
q7123	21	429	29
q7124			
q7125	1	16	1
q7126	23	83	15
q7127	93	7	8
q7128	367		760
q7129	410		832
q7130	189	229	155
q7131	366		757
q7132		283	485
q7133	1	1	1
q7134	4	75	17
q7135			
q7136	176	905	276
q7137			
q7138		624	
q7139	24	3	6
q7140	18	6	4
q7141	437	729	526
q7142			
q7143			
q7144	5	9	1
q7145	170	72	77
q7146	173		380
q7147			
q7148	9	155	7
q7149	272	212	217
q7150	326		669
q7151			
q7152			
q7153	304	373	307
q7154		666	
q7155	8	8	3
q7156	886	610	670
q7157		256	551
q7158	187	50	58
q7159	44		96
q7160	717		
q7161			
q7162	59	16	6
q7163		980	
q7164		181	410
q7165	916	26	66
q7166	688		
q7167	662	329	406
q7168		845	
q7169	40	1	1
q7170	9	227	6
q7171			
q7172	426		832
q7173	131	41	30
q7174			
q7175		630	
q7176		392	833
q7177		805	
q7178	105	26	6
q7179	818		
q7180	81	725	164
q7181			
q7182	4	306	4
q7183	13		41
q7184			
q7185	57	2	3
q7186		58	147
q7187		262	563
q7188			
q7189			
q7190	899	167	263
q7191	964	680	777
q7192	42		95
q7193	534		974
q7194			
q7195	54	12	2
q7196	135	243	149
q7197			
q7198			
q7199	7	33	1
q7200	56	98	23
q7201	352		734
q7202	1	7	1
q7203	503	12	20
q7204	70		153
q7205	160	426	199
q7206	50	114	30
q7207		18	54
q7208			
q7209		29	83
q7210	143	66	57
q7211	2	131	8
q7212	22	30	5
q7213		147	293
q7214	101	90	56
q7215	317	276	257
q7216			
q7217	42	491	72
q7218	325		662
q7219		135	312
q7220	218	483	275
q7221			
q7222	156	105	101
q7223		603	
q7224		737	
q7225	46	64	13
q7226	99		213
q7227	934	207	338
q7228	41	189	53
q7229			
q7230			
q7231		260	555
q7232		110	245
q7233	14	22	1
q7234		479	919
q7235			
q7236	6	122	11
q7237			
q7238		738	
q7239	374	13	15
q7240			
q7241	906		
q7242	262		538
q7243			
q7244	3	21	3
q7245	873		
q7246	1	178	19
q7247	134		292
q7248	844		
q7249	123	135	80
q7250			
q7251			
q7252	12	9	5
q7253	10		28
q7254	1	1	1
q7255		5	15
q7256			
q7257			
q7258	197	14	6
q7259	395		813
q7260		857	
q7261		1	13
q7262			
q7263			
q7264	680	627	629
q7265			
q7266			
q7267			
q7268		953	
q7269			
q7270	36	46	10
q7271	1	8	1
q7272			
q7273	1	2	1
q7274			
q7275			
q7276			
q7277	544		
q7278	30		82
q7279	240	649	341
q7280			
q7281			
q7282			
q7283			
q7284	71	247	111
q7285		833	
q7286		166	344
q7287		85	206
q7288	506	584	525
q7289	171	422	208
q7290	365		760
q7291	969	109	193
q7292		127	276
q7293	504	966	664
q7294	1	27	2
q7295			
q7296		994	
q7297	344		724
q7298			
q7299	36	99	8
q7300	180	188	147
q7301	817	154	263
q7302			
q7303	796		
q7304	42	2	4
q7305	196	388	240
q7306	585		
q7307	127	924	220
q7308	68	6	4
q7309	987		
q7310			
q7311	542		888
q7312	345	71	112
q7313			
q7314			
q7315	520		998
q7316	584		
q7317	329		694
q7318		19	61
q7319	534		992
q7320		316	664
q7321	629	470	534
q7322			
q7323	175		358
q7324	186	258	187
q7325			
q7326	106	6	3
q7327			
q7328			
q7329			
q7330		996	
q7331	74	309	95
q7332	24		54
q7333	177	11	17
q7334			
q7335	582		
q7336		755	
q7337	3	1	1
q7338	804		
q7339	70		168
q7340		398	800
q7341			
q7342			
q7343	30	1	2
q7344	644		
q7345		661	
q7346	374	968	529
q7347	188	212	173
q7348	11		36
q7349		179	382
q7350			
q7351	730		
q7352	66	1	2
q7353			
q7354	617		
q7355	74	24	9
q7356	290	420	316
q7357			
q7358			
q7359		888	
q7360	34	101	19
q7361	471		901
q7362	35	81	20
q7363	274	638	362
q7364			
q7365			
q7366	1	2	2
q7367			
q7368	319		659
q7369	628		
q7370	859	98	175
q7371	103	274	123
q7372	436		829
q7373	1		15
q7374	156		346
q7375	590	286	361
q7376	2	197	17
q7377	35	449	55
q7378	204	497	253
q7379		294	616
q7380	83	342	97
q7381			
q7382		122	256
q7383	302		631
q7384			
q7385			
q7386	257		528
q7387	403		817
q7388		154	341
q7389	357	718	476
q7390	10	215	15
q7391	830		
q7392		214	466
q7393	682		
q7394	64	253	82
q7395			
q7396	251	390	282
q7397	864		
q7398		54	135
q7399	184		419
q7400	38	624	62
q7401	816		
q7402	580		
q7403			
q7404	638	276	372
q7405		258	561
q7406	707	398	483
q7407			
q7408			
q7409		72	177
q7410			
q7411	888		
q7412		112	273
q7413	597	148	234
q7414	204	1	9
q7415			
q7416	713		
q7417	837	36	61
q7418	13	13	4
q7419	552		
q7420			
q7421	71		177
q7422		21	62
q7423			
q7424	147		318
q7425	267		565
q7426		943	
q7427			
q7428		99	227
q7429	579	487	498
q7430			
q7431			
q7432	292	123	135
q7433		99	219
q7434			
q7435	645		
q7436	774		
q7437			
q7438			
q7439			
q7440			
q7441	204	341	251
q7442	204		443
q7443			
q7444	650		
q7445	533		
q7446			
q7447	122	1	2
q7448		718	
q7449	17	2	2
q7450	664	39	64
q7451			
q7452	715		
q7453			
q7454	395		824
q7455			
q7456		170	354
q7457			
q7458	19		46
q7459	84	560	138
q7460	23	173	21
q7461			
q7462	272	121	128
q7463	333		625
q7464			
q7465	710		
q7466		450	894
q7467	96	6	10
q7468	178	4	7
q7469	1	31	7
q7470			
q7471	49	298	47
q7472	116	138	95
q7473	30	25	7
q7474	3	9	2
q7475		993	
q7476			
q7477	616	343	437
q7478		92	187
q7479	90	81	38
q7480		40	108
q7481	465	231	282
q7482	462		913
q7483	185	967	315
q7484	1	10	1
q7485			
q7486	114	61	41
q7487			
q7488			
q7489	3	2	1
q7490		541	
q7491		595	
q7492	3	106	12
q7493		395	837
q7494	511	30	53
q7495			
q7496			
q7497	1	9	1
q7498	4	144	12
q7499	108	143	85
q7500	128	29	14
q7501			
q7502			
q7503	963		
q7504	35	238	44
q7505	29	367	40
q7506	376	231	259
q7507	766		
q7508	610		
q7509	134	28	14
q7510	992	76	138
q7511	153	362	204
q7512	167	45	74
q7513	5	49	2
q7514	25	97	11
q7515	16	290	33
q7516	101	124	74
q7517	60	670	111
q7518	45	250	50
q7519	75		170
q7520	116	1	2
q7521	7	1	1
q7522			
q7523	199	238	190
q7524		386	771
q7525		41	89
q7526	78	487	130
q7527	18	448	33
q7528	1	51	7
q7529		22	62
q7530	92	5	4
q7531	1	1	1
q7532		5	23
q7533	802	293	436
q7534	80	76	31
q7535	615	232	319
q7536	284		595
q7537	1	30	1
q7538	71	74	24
q7539			
q7540	293	108	139
q7541	694		
q7542	39	434	77
q7543	782		
q7544	199	901	327
q7545			
q7546	98	268	114
q7547	79	1	2
q7548	110		247
q7549			
q7550	364		752
q7551		514	
q7552	477	53	86
q7553	89		205
q7554	377	345	337
q7555			
q7556	257	327	254
q7557			
q7558	376		778
q7559	336	135	157
q7560	248	77	79
q7561	53		114
q7562			
q7563		121	256
q7564			
q7565	837	154	243
q7566	66	216	69
q7567		575	
q7568			
q7569	21	502	36
q7570			
q7571			
q7572			
q7573	822	172	265
q7574	69	572	98
q7575	326		686
q7576	130	5	8
q7577	652		
q7578	346		692
q7579	27	37	5
q7580	7	289	9
q7581	322	361	320
q7582		687	
q7583	176	193	143
q7584	1	5	1
q7585	582		
q7586			
q7587	187		402
q7588			
q7589	192	816	304
q7590	404		818
q7591	628	782	675
q7592			
q7593			
q7594			
q7595			
q7596			
q7597	802		
q7598			
q7599	205	280	187
q7600	334	65	92
q7601	662	739	682
q7602			
q7603	85	791	141
q7604	622	109	172
q7605	20	607	39
q7606			
q7607		873	
q7608	3	14	1
q7609	64	91	34
q7610		20	59
q7611	506	168	221
q7612	629	611	616
q7613	573	677	591
q7614		281	574
q7615		65	135
q7616		188	411
q7617	22		56
q7618			
q7619	472	730	585
q7620	77	535	129
q7621	114		244
q7622	136	765	220
q7623	439		874
q7624	680	645	612
q7625	834	382	517
q7626		927	
q7627			
q7628	12	2	3
q7629	1	1	1
q7630	19	2	2
q7631	3	1	1
q7632	3	12	3
q7633	16	1	1
q7634	1	2	2
q7635	1	1	1
q7636	2	1	1
q7637	1	16	2
q7638	221	6	22
q7639	1	1	1
q7640	2	5	2
q7641	35	296	50
q7642	3	22	3
q7643			
q7644	6	3	2
q7645	18	934	41
q7646	285		551
q7647	847	428	545
q7648	14	121	15
q7649		930	
q7650	392	313	334
q7651	160	450	218
q7652	280	11	21
q7653	85		198
q7654	158	301	187
q7655	40	11	7
q7656			
q7657		12	37
q7658			
q7659	737		
q7660		121	261
q7661		718	
q7662	93	739	158
q7663			
q7664			
q7665	822		
q7666	253	306	219
q7667			
q7668	183		411
q7669	1	3	1
q7670	803	873	786
q7671			
q7672	5	1	1
q7673		83	186
q7674		184	395
q7675	1	1	1
q7676	115	245	132
q7677		960	
q7678	61	14	5
q7679			
q7680	40		84
q7681	417		831
q7682	379	61	88
q7683			
q7684	129	486	183
q7685	103		204
q7686			
q7687			
q7688			
q7689			
q7690	898	326	459
q7691	536	414	440
q7692	187	24	17
q7693		621	
q7694	14	318	24
q7695	3	1	1
q7696			
q7697			
q7698			
q7699	770		
q7700		541	
q7701	41	35	6
q7702	1	1	1
q7703			
q7704	663		
q7705	216	796	321
q7706		487	923
q7707	882	836	813
q7708		175	364
q7709	976	72	124
q7710	396		807
q7711	805		
q7712	387		764
q7713		2	27
q7714	396	272	296
q7715	431		860
q7716	2	10	2
q7717	1	2	1
q7718	4	1	1
q7719	28	5	3
q7720	67	642	118
q7721	14	1	4
q7722	1	1	1
q7723	1	1	1
q7724	1	8	2
q7725	764	294	424
q7726			
q7727	233	80	82
q7728	259		568
q7729	415		791
q7730	915	664	725
q7731		866	
q7732			
q7733	145	448	188
q7734	8	2	2
q7735			
q7736	1	1	1
q7737		25	54
q7738	7	1	1
q7739			
q7740			
q7741		177	383
q7742	68	92	32
q7743	175		364
q7744			
q7745	65	576	117
q7746	211		460
q7747	369	489	405
q7748	76	556	148
q7749	371	523	383
q7750	185	24	14
q7751		807	
q7752			
q7753			
q7754			
q7755		59	124
q7756	9	4	1
q7757	480		944
q7758	275	263	246
q7759	2	39	3
q7760	324	614	426
q7761			
q7762		57	132
q7763	276	441	310
q7764	573	155	232
q7765			
q7766			
q7767	13	199	13
q7768	32		79
q7769			
q7770	522		965
q7771	63	38	6
q7772			
q7773	4	6	2
q7774		110	229
q7775	430	56	101
q7776			
q7777	551		
q7778	237		538
q7779	136	21	19
q7780			
q7781			
q7782	20		46
q7783	6	37	10
q7784			
q7785	4	1	1
q7786	46		121
q7787	214	354	224
q7788	418		842
q7789	907		
q7790	444	226	294
q7791	472	205	266
q7792	428		849
q7793	460	597	471
q7794	392		782
q7795			
q7796			
q7797			
q7798	515	195	266
q7799	45		116
q7800		200	428
q7801		702	
q7802	1	2	1
q7803	43	327	60
q7804	566		
q7805		546	
q7806	510		977
q7807	238	87	111
q7808	270	11	32
q7809	18	543	37
q7810		109	252
q7811	6	492	19
q7812		773	
q7813		454	908
q7814		43	88
q7815	60		155
q7816			
q7817		947	
q7818	97	106	57
q7819	91		210
q7820	674		
q7821		764	
q7822	92	116	67
q7823	3	1	1
q7824			
q7825		50	117
q7826		716	
q7827			
q7828		818	
q7829	844	840	768
q7830	7	1	1
q7831	581		
q7832	422	298	322
q7833	125	92	54
q7834		517	
q7835	292	82	106
q7836	2	13	4
q7837	15	967	35
q7838	158	131	100
q7839		318	636
q7840		92	208
q7841	10	32	3
q7842	844	186	298
q7843	818		
q7844			
q7845		187	422
q7846	398	910	546
q7847			
q7848	253		544
q7849	953	410	548
q7850	436	58	91
q7851	177	516	242
q7852		722	
q7853	238	13	3
q7854		132	291
q7855		32	77
q7856	12	16	3
q7857		748	
q7858	126	282	147
q7859	973		
q7860	692	37	65
q7861		712	
q7862	310		668
q7863		44	95
q7864		639	
q7865	22	8	2
q7866	747		
q7867	418	24	30
q7868			
q7869	174	975	277
q7870		225	486
q7871	185		399
q7872	423	515	456
q7873			
q7874		310	634
q7875	2	1	1
q7876	115	378	165
q7877			
q7878			
q7879		749	
q7880	148		327
q7881		848	
q7882	8	5	4
q7883	3	287	12
q7884		904	
q7885		39	107
q7886		899	
q7887	1	25	3
q7888	954	712	774
q7889	256	827	389
q7890		10	29
q7891	541		
q7892	416		823
q7893			
q7894	13	14	2
q7895			
q7896	560	361	409
q7897	185	14	13
q7898	150		318
q7899		432	851
q7900	327	547	383
q7901		26	61
q7902			
q7903	241	25	29
q7904			
q7905	60	63	41
q7906	47	385	75
q7907	58	12	14
q7908	26		58
q7909			
q7910	551		
q7911	327		696
q7912			
q7913		385	780
q7914	336	44	58
q7915	744		
q7916	407	93	133
q7917			
q7918	418	113	148
q7919		111	245
q7920			
q7921		887	
q7922	3		12
q7923			
q7924	1	1	1
q7925	196	25	18
q7926	530	5	20
q7927	663		
q7928			
q7929	729	603	630
q7930			
q7931		404	823
q7932	1	39	8
q7933	1	43	2
q7934	173	164	124
q7935	734	183	283
q7936	65		131
q7937			
q7938	634		
q7939	906	5	11
q7940	14	13	3
q7941	232		483
q7942			
q7943	552		938
q7944			
q7945			
q7946			
q7947		116	240
q7948		54	117
q7949			
q7950	200		426
q7951	23	23	6
q7952	646		
q7953	931	4	24
q7954		240	498
q7955			
q7956		262	571
q7957	28		83
q7958			
q7959			
q7960	28	14	1
q7961		154	337
q7962			
q7963			
q7964	107	177	91
q7965		175	369
q7966			
q7967		49	110
q7968		831	
q7969	2	21	4
q7970	925		
q7971			
q7972	587		
q7973			
q7974		529	990
q7975	101	16	12
q7976			
q7977	227		486
q7978			
q7979	1	4	1
q7980	669	192	297
q7981	44		91
q7982			
q7983	64	884	104
q7984		348	686
q7985			
q7986	70	230	87
q7987		648	
q7988			
q7989	1	1	1
q7990	350		709
q7991	289		612
q7992	232		522
q7993	417		872
q7994	622	190	286
q7995		515	993
q7996	144		305
q7997			
q7998		147	327
q7999			
q8000	610		
q8001	274		592
q8002	669	197	296
q8003	522	591	481
q8004			
q8005	417		864
q8006			
q8007			
q8008	248	92	108
q8009		9	25
q8010			
q8011	699		
q8012			
q8013	565	23	45
q8014	28	163	41
q8015	736	351	412
q8016			
q8017			
q8018	146		319
q8019	183	231	176
q8020			
q8021	49		133
q8022	3	438	14
q8023	10	10	1
q8024	179	43	43
q8025			
q8026	311	143	170
q8027		408	812
q8028	374		745
q8029			
q8030		543	
q8031	7	9	1
q8032	116	67	29
q8033			
q8034	654		
q8035			
q8036		627	
q8037			
q8038	300	57	81
q8039			
q8040	340	16	22
q8041			
q8042	202	82	80
q8043		1	20
q8044			
q8045	61		134
q8046	140	1	11
q8047	699		
q8048			
q8049	175	271	175
q8050	221	242	198
q8051			
q8052			
q8053	671	158	233
q8054	208		459
q8055		653	
q8056	938		
q8057		26	88
q8058		578	
q8059	216		525
q8060	94		197
q8061	423		861
q8062	3	19	1
q8063	905	135	203
q8064	1	2	1
q8065			
q8066			
q8067	219	10	8
q8068		932	
q8069	519		991
q8070			
q8071			
q8072			
q8073	537	184	234
q8074	72	239	81
q8075			
q8076		872	
q8077	190		394
q8078	907	487	616
q8079	65	734	120
q8080		10	23
q8081	87	170	112
q8082	152	8	8
q8083	8	28	3
q8084			
q8085			
q8086		787	
q8087	937		
q8088			
q8089	276		571
q8090	607		
q8091			
q8092			
q8093			
q8094		33	74
q8095			
q8096		213	461
q8097			
q8098			
q8099	74	602	131
q8100	705	12	29
q8101			
q8102	291	14	32
q8103			
q8104		393	815
q8105			
q8106	682		
q8107	34	1	1
q8108			
q8109		6	17
q8110		317	736
q8111		563	
q8112	233		504
q8113	2	43	3
q8114	59	24	10
q8115		965	
q8116	455	276	334
q8117	342	36	55
q8118	84	632	149
q8119			
q8120		847	
q8121	32		78
q8122	807		
q8123			
q8124	829		
q8125		391	813
q8126	225	606	318
q8127			
q8128		652	
q8129			
q8130			
q8131	902		
q8132	153	5	3
q8133	546		
q8134			
q8135	823	360	479
q8136		489	946
q8137	34	2	2
q8138	62	116	52
q8139	118		261
q8140	129	323	222
q8141			
q8142		25	55
q8143			
q8144		51	117
q8145	10	78	6
q8146	216		452
q8147	226	133	142
q8148	96	1	6
q8149			
q8150		594	
q8151	304	15	16
q8152	132	694	223
q8153	626	432	474
q8154	31	24	4
q8155	2	454	10
q8156	269	42	49
q8157	629	921	715
q8158	95	18	9
q8159	810	851	780
q8160	22	69	3
q8161		269	544
q8162		231	493
q8163			
q8164	37	1	12
q8165	825	4	13
q8166			
q8167	283		578
q8168			
q8169	24		61
q8170			
q8171	1		3
q8172	71	27	9
q8173	763	855	701
q8174	750	114	199
q8175		347	720
q8176			
q8177		981	
q8178	691		
q8179	2	1	1
q8180	2		12
q8181	685	1	9
q8182		20	47
q8183	18	71	21
q8184	44	240	48
q8185	198	2	4
q8186	129	211	133
q8187			
q8188		509	976
q8189		870	
q8190			
q8191			
q8192	265		552
q8193	85	471	133
q8194	283		590
q8195			
q8196	4	107	12
q8197	419	876	571
q8198	87	1	5
q8199	30	21	20
q8200			
q8201			
q8202	206	6	16
q8203	640	132	213
q8204	798	371	499
q8205		31	95
q8206			
q8207	762		
q8208	185	7	11
q8209	33		76
q8210			
q8211	255	382	259
q8212	330		694
q8213	181	196	151
q8214			
q8215	305	1	9
q8216	112	151	79
q8217	145	631	236
q8218	990	32	63
q8219	434		908
q8220	3	73	3
q8221	8	76	10
q8222	15	51	3
q8223	169		375
q8224	261		539
q8225			
q8226			
q8227	1	66	1
q8228			
q8229			
q8230	32		87
q8231	55	25	6
q8232	492		991
q8233	196	20	10
q8234		56	115
q8235			
q8236	258	3	2
q8237			
q8238	57	184	65
q8239	12	311	19
q8240	19	1	1
q8241	18	1	2
q8242	196	127	112
q8243	28		78
q8244			
q8245		934	
q8246			
q8247			
q8248			
q8249		475	924
q8250	50	168	51
q8251		3	12
q8252	560	221	308
q8253	717		
q8254	49	3	3
q8255			
q8256			
q8257			
q8258	80	7	6
q8259	100	4	4
q8260	4	77	2
q8261	398		810
q8262			
q8263	187	779	289
q8264	111	11	7
q8265	16	222	42
q8266	531	126	175
q8267		39	82
q8268	175	100	87
q8269	10		49
q8270	341	514	377
q8271	238	16	19
q8272		234	482
q8273	73	275	112
q8274	302		637
q8275	42	450	78
q8276	682	104	183
q8277		500	973
q8278	27	290	37
q8279	79	9	5
q8280	297	189	194
q8281	473	198	235
q8282		291	634
q8283			
q8284	417	33	57
q8285	12	4	1
q8286			
q8287			
q8288		299	640
q8289	929	47	93
q8290			
q8291	131	3	13
q8292	3	1	1
q8293			
q8294	266		558
q8295	400		830
q8296	140		306
q8297	5	3	1
q8298	540		
q8299	261	252	226
q8300	24	60	10
q8301		60	146
q8302		465	900
q8303	180	408	232
q8304	384	852	526
q8305	53	1	3
q8306	19	298	36
q8307	12	132	4
q8308	505		
q8309	480		819
q8310	5		21
q8311		10	32
q8312	185	413	243
q8313	113	51	37
q8314	418		783
q8315	468		935
q8316	596	720	605
q8317			
q8318	1	73	1
q8319			
q8320	581		
q8321		327	657
q8322	93		182
q8323	91	630	151
q8324	85	60	38
q8325	212	93	93
q8326	111	630	187
q8327	26	20	2
q8328			
q8329	39	295	55
q8330	217		468
q8331			
q8332	421	4	9
q8333	652	8	18
q8334	11	1	1
q8335	1000	26	46
q8336	367		744
q8337	1	1	1
q8338			
q8339			
q8340		400	834
q8341	298	19	21
q8342			
q8343	497		976
q8344	431	523	459
q8345		82	175
q8346	655		
q8347			
q8348			
q8349		439	860
q8350			
q8351	436	721	522
q8352	9		58
q8353	261	2	6
q8354	22	11	2
q8355	107	1	5
q8356	3	82	6
q8357			
q8358	169	793	275
q8359		16	41
q8360	948		
q8361	771		
q8362		409	819
q8363	239	826	371
q8364			
q8365	409	609	477
q8366	76	75	41
q8367			
q8368	22	24	3
q8369	111	2	11
q8370	16	89	5
q8371		578	
q8372	11		46
q8373	417	270	285
q8374	16		53
q8375	17		49
q8376			
q8377	296		615
q8378			
q8379	8	2	2
q8380	577		955
q8381			
q8382	149		340
q8383			
q8384	133	484	184
q8385		792	
q8386	38	178	32
q8387	145		321
q8388	646	55	88
q8389	500	472	462
q8390	13	8	8
q8391		37	117
q8392	102		240
q8393		1	6
q8394	24	455	43
q8395			
q8396	44	25	13
q8397			
q8398		5	17
q8399	804	164	277
q8400		3	32
q8401	43	1	6
q8402	1	1	1
q8403	100	71	37
q8404	751	45	93
q8405	493	514	482
q8406	387	400	381
q8407			
q8408	20	94	9
q8409		1	18
q8410			
q8411			
q8412		11	56
q8413	271	213	207
q8414	27		62
q8415			
q8416	50	53	9
q8417			
q8418	395	103	151
q8419	1	13	1
q8420	826		
q8421	563	394	424
q8422	572	33	50
q8423	6	130	9
q8424	29	1	1
q8425	1	1	1
q8426		50	116
q8427			
q8428	944		
q8429		982	
q8430	329		695
q8431	502		943
q8432	183	101	102
q8433		109	252
q8434	1	34	1
q8435		348	751
q8436		248	524
q8437	153	205	139
q8438	225	731	333
q8439	685		
q8440	1	4	1
q8441	374		788
q8442	8	60	10
q8443	612		
q8444			
q8445	471	185	230
q8446	198		405
q8447		333	676
q8448	665		
q8449	360		743
q8450			
q8451			
q8452	167	158	114
q8453	34		73
q8454	680		
q8455			
q8456		25	61
q8457			
q8458	232	184	172
q8459	397	684	489
q8460	75	12	6
q8461			
q8462	13	1	3
q8463	651	761	664
q8464	1	11	4
q8465	11	306	14
q8466		471	918
q8467	88	53	31
q8468		153	323
q8469	954	976	875
q8470		701	
q8471	12	6	3
q8472			
q8473		793	
q8474	597	402	456
q8475	727	342	440
q8476	186	488	257
q8477	406	95	132
q8478	379	987	545
q8479	1	3	1
q8480	279	67	94
q8481	431	24	39
q8482	80	38	15
q8483	11	240	15
q8484	165		355
q8485		283	602
q8486	143		317
q8487	165		344
q8488	52	2	6
q8489		304	648
q8490			
q8491	924		
q8492			
q8493			
q8494		46	118
q8495			
q8496	209	1	7
q8497			
q8498			
q8499	1	1	1
q8500	448		914
q8501	531	656	563
q8502	65	47	3
q8503	479		959
q8504	50	56	5
q8505			
q8506	82	290	107
q8507			
q8508	254	12	11
q8509	724		
q8510		6	27
q8511	630	972	751
q8512		784	
q8513	109	49	23
q8514			
q8515			
q8516	242		540
q8517	87	5	3
q8518	6	2	1
q8519	483		920
q8520		195	376
q8521			
q8522		1	13
q8523	6		21
q8524		329	671
q8525		68	147
q8526	1	2	1
q8527	1	7	2
q8528	16	879	34
q8529			
q8530	641		
q8531	708		
q8532	1	8	2
q8533	97	411	142
q8534	1	1	1
q8535	755		
q8536	36	215	47
q8537	78		195
q8538	42	420	70
q8539	751		
q8540		143	335
q8541	15		42
q8542		146	331
q8543	14	403	24
q8544		158	348
q8545	122	11	20
q8546	73	20	16
q8547		105	233
q8548			
q8549	4	5	3
q8550	30		85
q8551		256	552
q8552	22	351	30
q8553	50		108
q8554	105	36	7
q8555		836	
q8556	290		630
q8557	968	37	74
q8558	361		758
q8559	456		915
q8560	40	11	5
q8561			
q8562	967	22	36
q8563	321	36	42
q8564		945	
q8565	68	741	131
q8566		127	271
q8567			
q8568			
q8569	449	139	205
q8570		686	
q8571	37		80
q8572	146		311
q8573	628	1	22
q8574	32	48	6
q8575	150	14	8
q8576	222		468
q8577	88	224	89
q8578			
q8579	3	1	1
q8580	83	433	111
q8581	29	526	46
q8582			
q8583			
q8584	18		60
q8585	106	3	8
q8586	300		603
q8587	15	384	23
q8588	84	752	150
q8589	21	31	5
q8590	39	129	24
q8591	38	43	6
q8592	44	381	67
q8593	182	4	2
q8594	543	40	84
q8595	22	56	8
q8596	101		236
q8597			
q8598	36	5	3
q8599	1	1	1
q8600		28	53
q8601			
q8602	282		565
q8603	167	2	5
q8604	157	727	262
q8605	719	569	621
q8606	41		93
q8607	1	1	1
q8608		373	768
q8609			
q8610	83	1	8
q8611	924		
q8612	505		999
q8613	546	117	166
q8614	153	71	59
q8615	8	9	4
q8616			
q8617		51	118
q8618			
q8619	76	533	131
q8620	5	117	1
q8621	12	149	6
q8622			
q8623	754		
q8624	111	28	19
q8625	715		
q8626	540		
q8627	20	31	3
q8628	409	738	524
q8629	9	116	4
q8630		326	710
q8631	108	3	9
q8632		22	49
q8633	34	468	72
q8634		577	
q8635	807	11	27
q8636			
q8637	4	298	22
q8638	1	3	1
q8639	103		234
q8640			
q8641	137	33	17
q8642		1	11
q8643		808	
q8644	5	12	2
q8645	492	558	455
q8646	204		437
q8647			
q8648		1000	
q8649	6	81	3
q8650	845	126	221
q8651	156	940	245
q8652			
q8653	44		97
q8654			
q8655		809	
q8656	217	111	112
q8657	22	70	13
q8658	591	21	42
q8659	15	13	7
q8660	229	642	326
q8661		152	327
q8662		40	95
q8663	207	214	163
q8664			
q8665	58		130
q8666	9	11	3
q8667		785	
q8668	950		
q8669			
q8670	128		291
q8671	358	360	328
q8672	707	394	474
q8673			
q8674	588		
q8675	445	532	474
q8676		646	
q8677	714		
q8678	702	30	57
q8679			
q8680	342		712
q8681		952	
q8682	434	229	279
q8683		700	
q8684		888	
q8685	272	460	304
q8686		229	476
q8687	567	128	202
q8688		781	
q8689	659		
q8690			
q8691			
q8692	34	361	46
q8693			
q8694	937	429	577
q8695			
q8696	377	3	13
q8697	1	9	4
q8698		657	
q8699			
q8700	2	1	1
q8701	19	38	4
q8702	4	331	3
q8703	4	530	22
q8704	1	1	1
q8705	2	1	2
q8706	1	90	10
q8707	1	1	1
q8708	118	299	127
q8709	806	11	16
q8710	42	39	14
q8711	1	1	1
q8712	4	4	2
q8713	1	80	3
q8714	205	370	219
q8715	958		
q8716			
q8717	27	131	36
q8718	1	2	2
q8719		245	534
q8720	46	1	2
q8721			
q8722	899	45	89
q8723	145	118	92
q8724	1	2	1
q8725	329	349	311
q8726	639	731	654
q8727	24	337	27
q8728	135		297
q8729	1	603	8
q8730		10	35
q8731	34	5	2
q8732		526	
q8733		276	556
q8734	10	1	1
q8735			
q8736	658	496	529
q8737	826	267	378
q8738	364		760
q8739		500	990
q8740	329	2	6
q8741			
q8742		371	763
q8743	298	1	7
q8744			
q8745	415	559	471
q8746	20	75	2
q8747	351	75	96
q8748	2	10	2
q8749			
q8750	49	275	70
q8751	941	1	4
q8752		149	322
q8753			
q8754	41		105
q8755	259	913	399
q8756	634	1	13
q8757		69	164
q8758			
q8759			
q8760	17	2	1
q8761	155	53	59
q8762	89	996	152
q8763			
q8764	8	8	4
q8765	1	2	1
